{"gradients/net.2.bias": {"_type": "histogram", "values": [1.0, 0.0, 0.0, 0.0, 0.0, 0.0, 0.0, 0.0, 0.0, 0.0, 0.0, 0.0, 0.0, 0.0, 0.0, 0.0, 0.0, 0.0, 0.0, 0.0, 0.0, 0.0, 0.0, 0.0, 0.0, 0.0, 0.0, 0.0, 0.0, 0.0, 0.0, 0.0, 0.0, 0.0, 0.0, 0.0, 0.0, 0.0, 0.0, 0.0, 0.0, 0.0, 0.0, 0.0, 0.0, 0.0, 0.0, 0.0, 0.0, 0.0, 0.0, 0.0, 0.0, 0.0, 0.0, 0.0, 0.0, 0.0, 0.0, 0.0, 0.0, 0.0, 0.0, 1.0], "bins": [-0.051154524087905884, -0.049911804497241974, -0.04866908863186836, -0.04742636904120445, -0.04618365317583084, -0.04494093358516693, -0.04369821399450302, -0.04245549812912941, -0.0412127785384655, -0.03997005894780159, -0.03872734308242798, -0.03748462349176407, -0.03624190762639046, -0.03499918803572655, -0.033756472170352936, -0.032513752579689026, -0.031271032989025116, -0.030028315261006355, -0.028785597532987595, -0.027542877942323685, -0.026300160214304924, -0.025057442486286163, -0.023814724758267403, -0.022572007030248642, -0.02132929116487503, -0.02008657343685627, -0.01884385570883751, -0.0176011361181736, -0.01635841839015484, -0.015115700662136078, -0.013872982934117317, -0.012630264274775982, -0.011387545615434647, -0.010144827887415886, -0.00890210922807455, -0.00765939150005579, -0.006416673306375742, -0.005173955112695694, -0.003931237384676933, -0.002688518725335598, -0.0014458000659942627, -0.00020308198872953653, 0.0010396360885351896, 0.002282354049384594, 0.003525072243064642, 0.00476779043674469, 0.006010508164763451, 0.007253226824104786, 0.008495943620800972, 0.009738661348819733, 0.010981380008161068, 0.012224097736179829, 0.013466816395521164, 0.014709534123539925, 0.015952251851558685, 0.017194971442222595, 0.018437687307596207, 0.019680405035614967, 0.020923122763633728, 0.022165842354297638, 0.0234085600823164, 0.02465127781033516, 0.02589399553835392, 0.02713671326637268, 0.02837943285703659]}, "gradients/net.2.weight": {"_type": "histogram", "values": [1.0, 0.0, 0.0, 0.0, 0.0, 0.0, 0.0, 0.0, 0.0, 0.0, 0.0, 0.0, 0.0, 0.0, 0.0, 0.0, 0.0, 0.0, 0.0, 0.0, 0.0, 0.0, 0.0, 0.0, 0.0, 0.0, 0.0, 1.0, 1.0, 0.0, 0.0, 0.0, 0.0, 0.0, 0.0, 0.0, 0.0, 0.0, 1.0, 0.0, 2.0, 0.0, 0.0, 0.0, 1.0, 2.0, 3.0, 5.0, 5.0, 10.0, 20.0, 33.0, 18.0, 10.0, 5.0, 2.0, 1.0, 3.0, 0.0, 1.0, 1.0, 1.0, 0.0, 1.0], "bins": [-0.11223847419023514, -0.11005045473575592, -0.1078624278306961, -0.10567440837621689, -0.10348638892173767, -0.10129836946725845, -0.09911035001277924, -0.09692232310771942, -0.0947343036532402, -0.09254628419876099, -0.09035825729370117, -0.08817023783922195, -0.08598221838474274, -0.08379419893026352, -0.0816061794757843, -0.07941815257072449, -0.07723013311624527, -0.07504211366176605, -0.07285408675670624, -0.07066606730222702, -0.0684780478477478, -0.06629002839326859, -0.06410200893878937, -0.06191398203372955, -0.059725962579250336, -0.05753794312477112, -0.0553499199450016, -0.053161896765232086, -0.05097387731075287, -0.04878585785627365, -0.046597834676504135, -0.04440981149673462, -0.042221799492836, -0.04003378003835678, -0.037845756858587265, -0.03565773367881775, -0.03346971422433853, -0.031281694769859314, -0.029093671590089798, -0.02690565027296543, -0.024717627093195915, -0.02252960577607155, -0.02034158445894718, -0.018153563141822815, -0.015965541824698448, -0.013777520507574081, -0.011589499190449715, -0.009401477873325348, -0.007213456556200981, -0.005025435239076614, -0.0028374139219522476, -0.0006493926048278809, 0.001538628712296486, 0.0037266500294208527, 0.005914671346545219, 0.008102692663669586, 0.010290713980793953, 0.01247873529791832, 0.014666756615042686, 0.016854777932167053, 0.01904279924929142, 0.021230820566415787, 0.023418841883540154, 0.02560686320066452, 0.027794884517788887]}, "gradients/net.0.bias": {"_type": "histogram", "values": [1.0, 0.0, 0.0, 0.0, 1.0, 0.0, 0.0, 0.0, 0.0, 3.0, 0.0, 1.0, 3.0, 1.0, 1.0, 2.0, 4.0, 0.0, 6.0, 6.0, 4.0, 1.0, 7.0, 6.0, 2.0, 1.0, 3.0, 1.0, 1.0, 1.0, 0.0, 0.0, 2.0, 0.0, 0.0, 0.0, 1.0, 0.0, 0.0, 2.0, 1.0, 0.0, 0.0, 0.0, 0.0, 0.0, 0.0, 0.0, 0.0, 0.0, 0.0, 0.0, 0.0, 0.0, 0.0, 0.0, 0.0, 0.0, 0.0, 0.0, 1.0, 0.0, 0.0, 1.0], "bins": [-0.00461851991713047, -0.004398401360958815, -0.004178282339125872, -0.003958163782954216, -0.0037380452267825603, -0.003517926437780261, -0.0032978076487779617, -0.003077689092606306, -0.0028575703036040068, -0.0026374515146017075, -0.002417332958430052, -0.0021972141694277525, -0.001977095380425453, -0.0017569768242537975, -0.0015368580352514982, -0.0013167393626645207, -0.0010966206900775433, -0.0008765020174905658, -0.0006563832866959274, -0.000436264555901289, -0.0002161458833143115, 3.9727892726659775e-06, 0.00022409157827496529, 0.00044421025086194277, 0.0006643291562795639, 0.0008844478288665414, 0.0011045665014535189, 0.0013246852904558182, 0.0015448039630427957, 0.0017649226356297731, 0.0019850414246320724, 0.002205159980803728, 0.0024252785369753838, 0.002645397325977683, 0.0028655158821493387, 0.003085634671151638, 0.0033057532273232937, 0.003525872016325593, 0.0037459908053278923, 0.003966109361499548, 0.004186227917671204, 0.004406346473842859, 0.004626465495675802, 0.004846584051847458, 0.0050667026080191135, 0.005286821164190769, 0.005506940186023712, 0.005727058742195368, 0.005947177764028311, 0.006167296320199966, 0.006387415342032909, 0.006607533898204565, 0.006827652454376221, 0.007047771476209164, 0.007267890032380819, 0.007488008588552475, 0.007708127610385418, 0.007928246632218361, 0.00814836472272873, 0.008368483744561672, 0.008588602766394615, 0.008808720856904984, 0.009028839878737926, 0.00924895890057087, 0.009469076991081238]}, "gradients/net.0.weight": {"_type": "histogram", "values": [1.0, 0.0, 0.0, 0.0, 0.0, 0.0, 0.0, 0.0, 0.0, 0.0, 0.0, 0.0, 1.0, 0.0, 0.0, 1.0, 0.0, 1.0, 1.0, 1.0, 1.0, 0.0, 2.0, 1.0, 1.0, 1.0, 0.0, 0.0, 2.0, 2.0, 4.0, 1.0, 7.0, 7.0, 12.0, 19.0, 41.0, 75.0, 21.0, 15.0, 7.0, 4.0, 8.0, 1.0, 4.0, 1.0, 1.0, 1.0, 1.0, 0.0, 1.0, 2.0, 2.0, 0.0, 1.0, 0.0, 1.0, 0.0, 0.0, 0.0, 2.0, 0.0, 0.0, 1.0], "bins": [-0.01811845600605011, -0.017631206661462784, -0.017143957316875458, -0.01665670797228813, -0.016169458627700806, -0.01568220928311348, -0.015194960869848728, -0.014707711525261402, -0.014220462180674076, -0.01373321283608675, -0.013245963491499424, -0.012758714146912098, -0.012271465733647346, -0.01178421638906002, -0.011296967044472694, -0.010809717699885368, -0.010322468355298042, -0.009835219010710716, -0.00934796966612339, -0.008860720321536064, -0.008373470976948738, -0.007886221632361412, -0.007398973219096661, -0.0069117238745093346, -0.0064244745299220085, -0.0059372251853346825, -0.005449975840747356, -0.004962726961821318, -0.004475477617233992, -0.003988228272646666, -0.003500979160889983, -0.0030137300491333008, -0.0025264816358685493, -0.0020392322912812233, -0.001551983179524541, -0.0010647339513525367, -0.0005774847231805325, -9.02353785932064e-05, 0.000397013733163476, 0.0008842628449201584, 0.0013715121895074844, 0.0018587614176794887, 0.002346010645851493, 0.0028332597576081753, 0.0033205091021955013, 0.0038077584467828274, 0.004295007325708866, 0.004782256670296192, 0.005269506014883518, 0.005756755359470844, 0.00624400470405817, 0.006731253582984209, 0.007218502927571535, 0.007705752272158861, 0.0081930011510849, 0.008680250495672226, 0.009167499840259552, 0.009654749184846878, 0.010141998529434204, 0.01062924787402153, 0.011116497218608856, 0.011603746563196182, 0.012090994976460934, 0.01257824432104826, 0.013065493665635586]}, "loss": 0.055772848427295685, "episode_reward": 49.0, "average_reward": 44.78, "epsilon_greedy": 0.23980999999990754, "_runtime": 26, "_timestamp": 1642183021, "_step": 4, "_wandb": {"runtime": 24}}