{"gradients/net.2.bias": {"_type": "histogram", "values": [1.0, 0.0, 0.0, 0.0, 0.0, 0.0, 0.0, 0.0, 0.0, 0.0, 0.0, 0.0, 0.0, 0.0, 0.0, 0.0, 0.0, 0.0, 0.0, 0.0, 0.0, 0.0, 0.0, 0.0, 0.0, 0.0, 0.0, 0.0, 0.0, 0.0, 0.0, 0.0, 0.0, 0.0, 0.0, 0.0, 0.0, 0.0, 0.0, 0.0, 0.0, 0.0, 0.0, 0.0, 0.0, 0.0, 0.0, 0.0, 0.0, 0.0, 0.0, 0.0, 0.0, 0.0, 0.0, 0.0, 0.0, 0.0, 0.0, 0.0, 0.0, 0.0, 0.0, 1.0], "bins": [-0.025111645460128784, -0.02441868744790554, -0.023725729435682297, -0.023032771423459053, -0.02233981341123581, -0.021646855399012566, -0.020953897386789322, -0.020260939374566078, -0.019567981362342834, -0.01887502335011959, -0.018182065337896347, -0.017489107325673103, -0.01679614931344986, -0.016103191301226616, -0.015410233289003372, -0.014717275276780128, -0.014024317264556885, -0.013331359252333641, -0.012638401240110397, -0.011945443227887154, -0.01125248521566391, -0.010559527203440666, -0.009866569191217422, -0.009173611178994179, -0.008480653166770935, -0.007787695154547691, -0.007094737142324448, -0.006401779130101204, -0.00570882111787796, -0.0050158631056547165, -0.004322905093431473, -0.003629947081208229, -0.0029369890689849854, -0.0022440310567617416, -0.001551073044538498, -0.0008581150323152542, -0.0001651570200920105, 0.0005278009921312332, 0.001220759004354477, 0.0019137170165777206, 0.0026066750288009644, 0.003299633041024208, 0.003992591053247452, 0.0046855490654706955, 0.005378507077693939, 0.006071465089917183, 0.006764423102140427, 0.00745738111436367, 0.008150339126586914, 0.008843297138810158, 0.009536255151033401, 0.010229213163256645, 0.010922171175479889, 0.011615129187703133, 0.012308087199926376, 0.01300104521214962, 0.013694003224372864, 0.014386961236596107, 0.015079919248819351, 0.015772877261042595, 0.01646583527326584, 0.017158793285489082, 0.017851751297712326, 0.01854470930993557, 0.019237667322158813]}, "gradients/net.2.weight": {"_type": "histogram", "values": [1.0, 0.0, 0.0, 1.0, 0.0, 0.0, 0.0, 0.0, 0.0, 0.0, 0.0, 0.0, 1.0, 0.0, 0.0, 1.0, 1.0, 0.0, 0.0, 0.0, 1.0, 0.0, 1.0, 0.0, 0.0, 2.0, 1.0, 0.0, 1.0, 3.0, 1.0, 6.0, 68.0, 26.0, 2.0, 0.0, 1.0, 2.0, 1.0, 1.0, 0.0, 0.0, 0.0, 1.0, 1.0, 0.0, 0.0, 0.0, 0.0, 0.0, 1.0, 0.0, 1.0, 0.0, 0.0, 0.0, 0.0, 0.0, 0.0, 1.0, 0.0, 0.0, 0.0, 1.0], "bins": [-0.09207229316234589, -0.08925158530473709, -0.0864308699965477, -0.0836101621389389, -0.08078944683074951, -0.07796873897314072, -0.07514803111553192, -0.07232731580734253, -0.06950660794973373, -0.06668590009212494, -0.06386518478393555, -0.06104447692632675, -0.05822376534342766, -0.055403053760528564, -0.05258234590291977, -0.049761634320020676, -0.04694092273712158, -0.04412021115422249, -0.041299499571323395, -0.0384787917137146, -0.035658080130815506, -0.03283736854791641, -0.030016658827662468, -0.027195949107408524, -0.02437523752450943, -0.021554525941610336, -0.018733816221356392, -0.015913106501102448, -0.013092394918203354, -0.010271684266626835, -0.007450973615050316, -0.0046302638947963715, -0.0018095597624778748, 0.0010111508890986443, 0.0038318615406751633, 0.006652572192251682, 0.009473282843828201, 0.01229399349540472, 0.01511470414698124, 0.017935413867235184, 0.020756125450134277, 0.02357683703303337, 0.026397546753287315, 0.02921825647354126, 0.03203896805644035, 0.03485967963933945, 0.03768038749694824, 0.040501099079847336, 0.04332181066274643, 0.04614252224564552, 0.04896323382854462, 0.05178394168615341, 0.054604653269052505, 0.0574253648519516, 0.060246072709560394, 0.06306678056716919, 0.06588749587535858, 0.06870820373296738, 0.07152891904115677, 0.07434962689876556, 0.07717034220695496, 0.07999105006456375, 0.08281175792217255, 0.08563247323036194, 0.08845318108797073]}, "gradients/net.0.bias": {"_type": "histogram", "values": [1.0, 0.0, 0.0, 0.0, 0.0, 0.0, 0.0, 0.0, 0.0, 0.0, 0.0, 0.0, 0.0, 0.0, 0.0, 0.0, 0.0, 1.0, 0.0, 0.0, 0.0, 0.0, 0.0, 0.0, 2.0, 0.0, 2.0, 0.0, 0.0, 0.0, 0.0, 49.0, 2.0, 0.0, 2.0, 1.0, 0.0, 0.0, 1.0, 0.0, 0.0, 0.0, 0.0, 0.0, 1.0, 0.0, 0.0, 0.0, 0.0, 0.0, 0.0, 1.0, 0.0, 0.0, 0.0, 0.0, 0.0, 0.0, 0.0, 0.0, 0.0, 0.0, 0.0, 1.0], "bins": [-0.05228663235902786, -0.050620824098587036, -0.04895501583814621, -0.04728920757770538, -0.04562339931726456, -0.04395759105682373, -0.042291779071092606, -0.04062597081065178, -0.03896016255021095, -0.037294354289770126, -0.0356285460293293, -0.033962737768888474, -0.03229692578315735, -0.03063111938536167, -0.028965309262275696, -0.02729950100183487, -0.025633692741394043, -0.023967884480953217, -0.02230207622051239, -0.020636266097426414, -0.018970457836985588, -0.01730464957654476, -0.015638839453458786, -0.01397303119301796, -0.012307222932577133, -0.010641414672136307, -0.008975605480372906, -0.007309796754270792, -0.005643988028168678, -0.003978179767727852, -0.002312370575964451, -0.0006465613842010498, 0.0010192431509494781, 0.002685051877051592, 0.004350860603153706, 0.006016669329255819, 0.007682478055357933, 0.00934828631579876, 0.01101409550756216, 0.012679904699325562, 0.014345712959766388, 0.016011521220207214, 0.01767732948064804, 0.019343139603734016, 0.021008947864174843, 0.02267475612461567, 0.024340566247701645, 0.02600637450814247, 0.027672182768583298, 0.029337991029024124, 0.03100379928946495, 0.03266960754990578, 0.0343354195356369, 0.03600122779607773, 0.037667036056518555, 0.03933284431695938, 0.04099865257740021, 0.042664460837841034, 0.04433026909828186, 0.04599607735872269, 0.04766188561916351, 0.04932769387960434, 0.050993505865335464, 0.05265931412577629, 0.05432512238621712]}, "gradients/net.0.weight": {"_type": "histogram", "values": [1.0, 0.0, 0.0, 0.0, 2.0, 0.0, 0.0, 0.0, 0.0, 0.0, 0.0, 0.0, 0.0, 0.0, 0.0, 1.0, 0.0, 0.0, 2.0, 0.0, 0.0, 1.0, 0.0, 1.0, 1.0, 6.0, 17.0, 207.0, 6.0, 2.0, 3.0, 0.0, 0.0, 1.0, 1.0, 0.0, 0.0, 0.0, 0.0, 0.0, 0.0, 0.0, 1.0, 1.0, 0.0, 0.0, 0.0, 0.0, 0.0, 1.0, 0.0, 0.0, 0.0, 0.0, 0.0, 0.0, 0.0, 0.0, 0.0, 0.0, 0.0, 0.0, 0.0, 1.0], "bins": [-0.07728059589862823, -0.07444246858358383, -0.07160434126853943, -0.06876622140407562, -0.06592809408903122, -0.06308996677398682, -0.06025183945894241, -0.05741371586918831, -0.054575592279434204, -0.0517374649643898, -0.048899341374635696, -0.04606121405959129, -0.04322309046983719, -0.040384963154792786, -0.03754683583974838, -0.03470871224999428, -0.031870584934949875, -0.02903245948255062, -0.026194334030151367, -0.023356206715106964, -0.02051808312535286, -0.017679955810308456, -0.014841830357909203, -0.012003704905509949, -0.009165577590465546, -0.006327452138066292, -0.0034893262200057507, -0.0006512003019452095, 0.0021869251504540443, 0.005025050602853298, 0.007863176986575127, 0.01070130243897438, 0.013539426028728485, 0.01637755148112774, 0.019215676933526993, 0.022053804248571396, 0.0248919278383255, 0.027730055153369904, 0.030568180605769157, 0.03340630605816841, 0.036244429647922516, 0.03908255696296692, 0.041920680552721024, 0.04475880786776543, 0.04759693145751953, 0.050435058772563934, 0.05327318608760834, 0.05611130967736244, 0.058949436992406845, 0.06178756430745125, 0.06462568789720535, 0.06746381521224976, 0.07030194252729416, 0.07314006239175797, 0.07597818970680237, 0.07881631702184677, 0.08165444433689117, 0.08449257165193558, 0.08733069896697998, 0.09016881883144379, 0.09300694614648819, 0.09584507346153259, 0.098683200776577, 0.1015213280916214, 0.1043594479560852]}, "loss": 0.056787215173244476, "episode_reward": 60.0, "average_reward": 31.21, "epsilon_greedy": 0.8099525000000876, "_runtime": 15, "_timestamp": 1642183345, "_step": 4, "_wandb": {"runtime": 13}}