{"gradients/net.2.bias": {"_type": "histogram", "values": [1.0, 0.0, 0.0, 0.0, 0.0, 0.0, 0.0, 0.0, 0.0, 0.0, 0.0, 0.0, 0.0, 0.0, 0.0, 0.0, 0.0, 0.0, 0.0, 0.0, 0.0, 0.0, 0.0, 0.0, 0.0, 0.0, 0.0, 0.0, 0.0, 0.0, 0.0, 0.0, 0.0, 0.0, 0.0, 0.0, 0.0, 0.0, 0.0, 0.0, 0.0, 0.0, 0.0, 0.0, 0.0, 0.0, 0.0, 0.0, 0.0, 0.0, 0.0, 0.0, 0.0, 0.0, 0.0, 0.0, 0.0, 0.0, 0.0, 0.0, 0.0, 0.0, 0.0, 1.0], "bins": [-0.037938594818115234, -0.0362866036593914, -0.03463461622595787, -0.03298262506723404, -0.03133063763380051, -0.029678646475076675, -0.028026655316352844, -0.026374666020274162, -0.02472267672419548, -0.0230706874281168, -0.021418698132038116, -0.019766706973314285, -0.018114717677235603, -0.01646272838115692, -0.014810738153755665, -0.013158747926354408, -0.011506758630275726, -0.009854769334197044, -0.008202779106795788, -0.0065507893450558186, -0.004898799583315849, -0.0032468102872371674, -0.0015948200598359108, 5.7170167565345764e-05, 0.0017091594636440277, 0.003361149225383997, 0.005013138987123966, 0.0066651287488639355, 0.008317118510603905, 0.009969107806682587, 0.011621098034083843, 0.0132730882614851, 0.014925077557563782, 0.016577066853642464, 0.018229056149721146, 0.019881047308444977, 0.02153303660452366, 0.02318502590060234, 0.024837017059326172, 0.026489006355404854, 0.028140995651483536, 0.029792984947562218, 0.0314449742436409, 0.03309696540236473, 0.03474895656108856, 0.036400943994522095, 0.038052935153245926, 0.03970492631196976, 0.04135691374540329, 0.04300890490412712, 0.044660892337560654, 0.046312883496284485, 0.04796487092971802, 0.04961686208844185, 0.05126885324716568, 0.05292084068059921, 0.054572831839323044, 0.056224822998046875, 0.05787681043148041, 0.05952880159020424, 0.06118079274892807, 0.0628327801823616, 0.06448476761579514, 0.06613676249980927, 0.0677887499332428]}, "gradients/net.2.weight": {"_type": "histogram", "values": [1.0, 0.0, 1.0, 0.0, 1.0, 1.0, 0.0, 0.0, 1.0, 0.0, 0.0, 0.0, 0.0, 0.0, 0.0, 0.0, 0.0, 1.0, 0.0, 0.0, 1.0, 1.0, 1.0, 1.0, 1.0, 2.0, 6.0, 1.0, 1.0, 2.0, 1.0, 2.0, 8.0, 10.0, 13.0, 7.0, 14.0, 14.0, 11.0, 9.0, 3.0, 3.0, 3.0, 0.0, 1.0, 1.0, 0.0, 0.0, 0.0, 0.0, 0.0, 0.0, 0.0, 0.0, 0.0, 2.0, 0.0, 0.0, 0.0, 0.0, 1.0, 1.0, 0.0, 1.0], "bins": [-0.071586474776268, -0.06959911435842514, -0.06761174649000168, -0.06562438607215881, -0.06363702565431595, -0.061649661511182785, -0.05966229736804962, -0.05767493695020676, -0.05568757280707359, -0.05370020866394043, -0.051712848246097565, -0.0497254841029644, -0.04773811995983124, -0.04575075954198837, -0.04376339539885521, -0.041776031255722046, -0.03978867083787918, -0.03780130669474602, -0.03581394627690315, -0.03382658213376999, -0.031839221715927124, -0.02985185757279396, -0.027864493429660797, -0.025877131149172783, -0.02388976886868477, -0.021902406588196754, -0.01991504430770874, -0.017927680164575577, -0.015940317884087563, -0.013952955603599548, -0.01196559239178896, -0.00997822917997837, -0.00799085944890976, -0.006003496702760458, -0.0040161339566111565, -0.002028771210461855, -4.1408464312553406e-05, 0.0019459538161754608, 0.00393331702798605, 0.0059206802397966385, 0.007908042520284653, 0.009895404800772667, 0.011882768012583256, 0.013870131224393845, 0.01585749350488186, 0.017844855785369873, 0.019832219928503036, 0.02181958220899105, 0.023806944489479065, 0.02579430676996708, 0.027781669050455093, 0.029769033193588257, 0.03175639361143112, 0.033743757754564285, 0.03573112189769745, 0.037718482315540314, 0.03970584645867348, 0.04169321060180664, 0.043680571019649506, 0.04566793516278267, 0.04765529930591583, 0.0496426597237587, 0.05163002386689186, 0.053617388010025024, 0.05560474842786789]}, "gradients/net.0.bias": {"_type": "histogram", "values": [1.0, 0.0, 0.0, 0.0, 0.0, 0.0, 0.0, 0.0, 0.0, 0.0, 0.0, 0.0, 1.0, 0.0, 2.0, 3.0, 8.0, 6.0, 9.0, 17.0, 9.0, 7.0, 0.0, 0.0, 0.0, 0.0, 0.0, 0.0, 0.0, 0.0, 0.0, 0.0, 0.0, 0.0, 0.0, 0.0, 0.0, 0.0, 0.0, 0.0, 0.0, 0.0, 0.0, 0.0, 0.0, 0.0, 0.0, 0.0, 0.0, 0.0, 0.0, 0.0, 0.0, 0.0, 0.0, 0.0, 0.0, 0.0, 0.0, 0.0, 0.0, 0.0, 0.0, 1.0], "bins": [-0.023384777829051018, -0.022145342081785202, -0.020905906334519386, -0.01966647058725357, -0.018427036702632904, -0.01718759909272194, -0.015948165208101273, -0.014708729460835457, -0.013469293713569641, -0.012229857966303825, -0.01099042221903801, -0.009750987403094769, -0.008511551655828953, -0.007272115908563137, -0.006032680626958609, -0.00479324534535408, -0.0035538095980882645, -0.0023143740836530924, -0.0010749385692179203, 0.00016449694521725178, 0.0014039324596524239, 0.0026433682069182396, 0.003882803488522768, 0.0051222387701272964, 0.006361674517393112, 0.007601110264658928, 0.008840546011924744, 0.010079980827867985, 0.0113194165751338, 0.012558852322399616, 0.013798287138342857, 0.015037722885608673, 0.01627715677022934, 0.017516592517495155, 0.01875602826476097, 0.019995464012026787, 0.021234899759292603, 0.02247433364391327, 0.023713769391179085, 0.0249532051384449, 0.026192640885710716, 0.027432076632976532, 0.028671512380242348, 0.029910948127508163, 0.03115038201212883, 0.032389819622039795, 0.03362925350666046, 0.03486868739128113, 0.03610812500119209, 0.03734755888581276, 0.038586996495723724, 0.03982643038034439, 0.041065867990255356, 0.04230530187487602, 0.04354473948478699, 0.044784173369407654, 0.04602360725402832, 0.04726304113864899, 0.04850247874855995, 0.04974191263318062, 0.05098135024309158, 0.05222078412771225, 0.053460221737623215, 0.05469965562224388, 0.055939093232154846]}, "gradients/net.0.weight": {"_type": "histogram", "values": [1.0, 0.0, 0.0, 0.0, 0.0, 0.0, 0.0, 0.0, 0.0, 0.0, 0.0, 0.0, 0.0, 0.0, 0.0, 0.0, 0.0, 0.0, 0.0, 0.0, 0.0, 0.0, 0.0, 0.0, 0.0, 1.0, 0.0, 0.0, 1.0, 1.0, 3.0, 20.0, 170.0, 48.0, 7.0, 1.0, 1.0, 0.0, 0.0, 0.0, 0.0, 1.0, 0.0, 0.0, 0.0, 0.0, 0.0, 0.0, 0.0, 0.0, 0.0, 0.0, 0.0, 0.0, 0.0, 0.0, 0.0, 0.0, 0.0, 0.0, 0.0, 0.0, 0.0, 1.0], "bins": [-0.09749588370323181, -0.09451288729906082, -0.09152989834547043, -0.08854690194129944, -0.08556391298770905, -0.08258091658353806, -0.07959792762994766, -0.07661493122577667, -0.07363194227218628, -0.07064894586801529, -0.0676659569144249, -0.0646829605102539, -0.06169997155666351, -0.05871697887778282, -0.05573398619890213, -0.05275098979473114, -0.04976799711585045, -0.04678500443696976, -0.043802011758089066, -0.040819019079208374, -0.03783602640032768, -0.03485303372144699, -0.031870037317276, -0.02888704650104046, -0.025904051959514618, -0.022921059280633926, -0.019938066601753235, -0.016955073922872543, -0.013972080312669277, -0.010989087633788586, -0.00800609402358532, -0.005023101344704628, -0.0020401105284690857, 0.0009428823832422495, 0.003925875294953585, 0.0069088684394955635, 0.009891861118376255, 0.012874853797256947, 0.015857847407460213, 0.018840840086340904, 0.021823830902576447, 0.024806823581457138, 0.02778981626033783, 0.03077280893921852, 0.03375580161809921, 0.036738794296979904, 0.039721786975860596, 0.042704783380031586, 0.04568777605891228, 0.04867076873779297, 0.05165376141667366, 0.05463675409555435, 0.05761974677443504, 0.060602739453315735, 0.06358573585748672, 0.06656872481107712, 0.06955172121524811, 0.0725347176194191, 0.07551770657300949, 0.07850070297718048, 0.08148369193077087, 0.08446668833494186, 0.08744967728853226, 0.09043267369270325, 0.09341566264629364]}, "loss": 0.17174378037452698, "episode_reward": 13.0, "average_reward": 30.08, "epsilon_greedy": 0.23980999999990754, "_runtime": 27, "_timestamp": 1642182835, "_step": 4, "_wandb": {"runtime": 25}}