{"gradients/net.2.bias": {"_type": "histogram", "values": [1.0, 0.0, 0.0, 0.0, 0.0, 0.0, 0.0, 0.0, 0.0, 0.0, 0.0, 0.0, 0.0, 0.0, 0.0, 0.0, 0.0, 0.0, 0.0, 0.0, 0.0, 0.0, 0.0, 0.0, 0.0, 0.0, 0.0, 0.0, 0.0, 0.0, 0.0, 0.0, 0.0, 0.0, 0.0, 0.0, 0.0, 0.0, 0.0, 0.0, 0.0, 0.0, 0.0, 0.0, 0.0, 0.0, 0.0, 0.0, 0.0, 0.0, 0.0, 0.0, 0.0, 0.0, 0.0, 0.0, 0.0, 0.0, 0.0, 0.0, 0.0, 0.0, 0.0, 1.0], "bins": [0.09371033310890198, 0.0947420671582222, 0.09577380120754242, 0.09680552780628204, 0.09783726185560226, 0.09886899590492249, 0.0999007299542427, 0.10093246400356293, 0.10196419060230255, 0.10299592465162277, 0.104027658700943, 0.10505938529968262, 0.10609111934900284, 0.10712285339832306, 0.10815458744764328, 0.1091863214969635, 0.11021804809570312, 0.11124978214502335, 0.11228151619434357, 0.11331324279308319, 0.11434497684240341, 0.11537671089172363, 0.11640844494104385, 0.11744017899036407, 0.1184719130396843, 0.11950364708900452, 0.12053538113832474, 0.12156710773706436, 0.12259884178638458, 0.1236305758357048, 0.12466230988502502, 0.12569403648376465, 0.12672576308250427, 0.1277574896812439, 0.12878923118114471, 0.12982095777988434, 0.13085269927978516, 0.13188442587852478, 0.1329161524772644, 0.13394789397716522, 0.13497963547706604, 0.13601136207580566, 0.13704310357570648, 0.1380748301744461, 0.13910657167434692, 0.14013829827308655, 0.14117002487182617, 0.142201766371727, 0.1432334929704666, 0.14426521956920624, 0.14529696106910706, 0.14632868766784668, 0.1473604291677475, 0.14839215576648712, 0.14942388236522675, 0.15045562386512756, 0.1514873504638672, 0.1525190770626068, 0.15355081856250763, 0.15458254516124725, 0.15561428666114807, 0.1566460132598877, 0.15767773985862732, 0.15870948135852814, 0.15974120795726776]}, "gradients/net.2.weight": {"_type": "histogram", "values": [1.0, 0.0, 0.0, 0.0, 0.0, 0.0, 0.0, 0.0, 0.0, 0.0, 0.0, 0.0, 0.0, 0.0, 0.0, 3.0, 0.0, 0.0, 0.0, 0.0, 0.0, 0.0, 0.0, 0.0, 0.0, 0.0, 0.0, 0.0, 0.0, 0.0, 0.0, 0.0, 0.0, 1.0, 3.0, 7.0, 55.0, 44.0, 6.0, 4.0, 1.0, 0.0, 0.0, 0.0, 1.0, 0.0, 0.0, 0.0, 0.0, 0.0, 0.0, 0.0, 0.0, 0.0, 0.0, 0.0, 0.0, 0.0, 1.0, 0.0, 0.0, 0.0, 0.0, 1.0], "bins": [-0.16063983738422394, -0.15628370642662048, -0.15192759037017822, -0.14757145941257477, -0.1432153433561325, -0.13885921239852905, -0.1345030963420868, -0.13014696538448334, -0.12579084932804108, -0.12143472582101822, -0.11707860231399536, -0.1127224788069725, -0.10836635529994965, -0.10401023179292679, -0.09965410828590393, -0.09529797732830048, -0.09094185382127762, -0.08658573031425476, -0.0822296068072319, -0.07787348330020905, -0.07351735979318619, -0.06916123628616333, -0.06480510532855988, -0.060448985546827316, -0.05609285831451416, -0.0517367348074913, -0.047380611300468445, -0.04302448779344559, -0.03866836428642273, -0.03431224077939987, -0.029956113547086716, -0.025599990040063858, -0.021243862807750702, -0.016887739300727844, -0.012531614862382412, -0.00817549042403698, -0.003819366917014122, 0.0005367565900087357, 0.0048928819596767426, 0.0092490054666996, 0.01360512524843216, 0.017961248755455017, 0.022317372262477875, 0.02667349763214588, 0.03102962113916874, 0.03538574278354645, 0.039741870015859604, 0.04409799352288246, 0.04845412075519562, 0.052810244262218475, 0.05716636776924133, 0.06152249127626419, 0.06587861478328705, 0.0702347382903099, 0.07459086179733276, 0.07894699275493622, 0.08330310881137848, 0.08765923231840134, 0.0920153558254242, 0.09637147933244705, 0.10072760283946991, 0.10508372634649277, 0.10943984985351562, 0.11379598081111908, 0.11815210431814194]}, "gradients/net.0.bias": {"_type": "histogram", "values": [1.0, 0.0, 0.0, 0.0, 0.0, 0.0, 0.0, 0.0, 0.0, 0.0, 0.0, 0.0, 0.0, 0.0, 0.0, 0.0, 0.0, 0.0, 0.0, 0.0, 0.0, 0.0, 0.0, 0.0, 0.0, 0.0, 0.0, 0.0, 0.0, 0.0, 0.0, 0.0, 0.0, 0.0, 0.0, 0.0, 0.0, 0.0, 0.0, 0.0, 0.0, 0.0, 0.0, 0.0, 0.0, 0.0, 0.0, 0.0, 0.0, 0.0, 0.0, 0.0, 0.0, 1.0, 1.0, 0.0, 0.0, 10.0, 35.0, 10.0, 3.0, 1.0, 0.0, 2.0], "bins": [-0.391650915145874, -0.3849569261074066, -0.3782629668712616, -0.3715689778327942, -0.3648749887943268, -0.3581809997558594, -0.35148704051971436, -0.34479305148124695, -0.33809906244277954, -0.33140507340431213, -0.3247111141681671, -0.3180171251296997, -0.3113231360912323, -0.3046291470527649, -0.2979351878166199, -0.29124119877815247, -0.28454720973968506, -0.27785322070121765, -0.27115926146507263, -0.2644652724266052, -0.2577712833881378, -0.2510772943496704, -0.2443833202123642, -0.23768934607505798, -0.23099537193775177, -0.22430139780044556, -0.21760740876197815, -0.21091343462467194, -0.20421944558620453, -0.19752547144889832, -0.1908314824104309, -0.1841375082731247, -0.1774435192346573, -0.17074954509735107, -0.16405555605888367, -0.15736158192157745, -0.15066759288311005, -0.14397361874580383, -0.13727962970733643, -0.1305856555700302, -0.1238916665315628, -0.117197684943676, -0.11050370335578918, -0.10380972176790237, -0.09711574018001556, -0.09042176604270935, -0.08372777700424194, -0.07703380286693573, -0.07033981382846832, -0.06364583224058151, -0.0569518506526947, -0.05025786906480789, -0.04356388747692108, -0.03686990961432457, -0.03017592802643776, -0.02348194643855095, -0.016787968575954437, -0.010093986988067627, -0.0034000063315033913, 0.0032939743250608444, 0.009987955912947655, 0.016681935638189316, 0.023375917226076126, 0.030069898813962936, 0.03676388040184975]}, "gradients/net.0.weight": {"_type": "histogram", "values": [1.0, 0.0, 0.0, 0.0, 0.0, 0.0, 0.0, 0.0, 0.0, 0.0, 0.0, 0.0, 0.0, 0.0, 0.0, 0.0, 0.0, 0.0, 0.0, 0.0, 0.0, 0.0, 0.0, 0.0, 0.0, 0.0, 0.0, 0.0, 0.0, 0.0, 1.0, 0.0, 1.0, 0.0, 0.0, 0.0, 0.0, 0.0, 0.0, 0.0, 0.0, 0.0, 0.0, 0.0, 0.0, 0.0, 0.0, 0.0, 0.0, 0.0, 0.0, 0.0, 2.0, 0.0, 1.0, 12.0, 171.0, 52.0, 9.0, 3.0, 1.0, 0.0, 0.0, 2.0], "bins": [-0.17810945212841034, -0.17497429251670837, -0.1718391478061676, -0.16870398819446564, -0.16556884348392487, -0.1624336838722229, -0.15929853916168213, -0.15616337954998016, -0.1530282348394394, -0.14989307522773743, -0.14675793051719666, -0.1436227709054947, -0.14048762619495392, -0.13735246658325195, -0.13421732187271118, -0.13108216226100922, -0.12794700264930725, -0.12481185048818588, -0.12167669832706451, -0.11854154616594315, -0.11540639400482178, -0.11227123439311981, -0.10913608968257904, -0.10600093007087708, -0.1028657853603363, -0.09973063319921494, -0.09659548103809357, -0.0934603288769722, -0.09032517671585083, -0.08719001710414886, -0.0840548723936081, -0.08091971278190613, -0.07778456807136536, -0.07464941591024399, -0.07151426374912262, -0.06837911158800125, -0.06524395942687988, -0.062108803540468216, -0.05897365137934685, -0.05583849549293518, -0.052703339606523514, -0.049568187445402145, -0.04643303528428078, -0.04329787939786911, -0.04016272723674774, -0.03702757507562637, -0.033892422914505005, -0.030757268890738487, -0.027622118592262268, -0.0244869664311409, -0.021351812407374382, -0.018216660246253014, -0.01508150715380907, -0.011946354061365128, -0.00881120190024376, -0.0056760478764772415, -0.002540895715355873, 0.0005942571442574263, 0.0037294100038707256, 0.006864562630653381, 0.009999715723097324, 0.013134868815541267, 0.016270020976662636, 0.019405175000429153, 0.022540327161550522]}, "loss": 0.025607511401176453, "episode_reward": 14.0, "average_reward": 21.99, "epsilon_greedy": 0.8099525000000876, "_runtime": 13, "_timestamp": 1642182796, "_step": 4, "_wandb": {"runtime": 12}}