{"gradients/net.2.bias": {"_type": "histogram", "values": [1.0, 0.0, 0.0, 0.0, 0.0, 0.0, 0.0, 0.0, 0.0, 0.0, 0.0, 0.0, 0.0, 0.0, 0.0, 0.0, 0.0, 0.0, 0.0, 0.0, 0.0, 0.0, 0.0, 0.0, 0.0, 0.0, 0.0, 0.0, 0.0, 0.0, 0.0, 0.0, 0.0, 0.0, 0.0, 0.0, 0.0, 0.0, 0.0, 0.0, 0.0, 0.0, 0.0, 0.0, 0.0, 0.0, 0.0, 0.0, 0.0, 0.0, 0.0, 0.0, 0.0, 0.0, 0.0, 0.0, 0.0, 0.0, 0.0, 0.0, 0.0, 0.0, 0.0, 1.0], "bins": [-0.0024362951517105103, -0.0017123743891716003, -0.0009884536266326904, -0.0002645328640937805, 0.0004593878984451294, 0.0011833086609840393, 0.0019072294235229492, 0.002631150186061859, 0.003355070948600769, 0.004078991711139679, 0.004802912473678589, 0.005526833236217499, 0.006250753998756409, 0.006974674761295319, 0.0076985955238342285, 0.008422516286373138, 0.009146437048912048, 0.009870357811450958, 0.010594278573989868, 0.011318199336528778, 0.012042120099067688, 0.012766040861606598, 0.013489961624145508, 0.014213882386684418, 0.014937803149223328, 0.015661723911762238, 0.016385644674301147, 0.017109565436840057, 0.017833486199378967, 0.018557406961917877, 0.019281327724456787, 0.020005248486995697, 0.020729169249534607, 0.021453090012073517, 0.022177010774612427, 0.022900931537151337, 0.023624852299690247, 0.024348773062229156, 0.025072693824768066, 0.025796614587306976, 0.026520535349845886, 0.027244456112384796, 0.027968376874923706, 0.028692297637462616, 0.029416218400001526, 0.030140139162540436, 0.030864059925079346, 0.031587980687618256, 0.032311901450157166, 0.033035822212696075, 0.033759742975234985, 0.034483663737773895, 0.035207584500312805, 0.035931505262851715, 0.036655426025390625, 0.037379346787929535, 0.038103267550468445, 0.038827188313007355, 0.039551109075546265, 0.040275029838085175, 0.040998950600624084, 0.041722871363162994, 0.042446792125701904, 0.043170712888240814, 0.043894633650779724]}, "gradients/net.2.weight": {"_type": "histogram", "values": [2.0, 0.0, 0.0, 0.0, 0.0, 0.0, 0.0, 0.0, 0.0, 2.0, 0.0, 0.0, 0.0, 0.0, 0.0, 0.0, 1.0, 0.0, 0.0, 0.0, 0.0, 1.0, 0.0, 0.0, 0.0, 0.0, 0.0, 0.0, 0.0, 0.0, 0.0, 1.0, 0.0, 1.0, 3.0, 20.0, 81.0, 10.0, 0.0, 0.0, 0.0, 0.0, 1.0, 2.0, 0.0, 0.0, 0.0, 0.0, 0.0, 0.0, 0.0, 0.0, 0.0, 0.0, 0.0, 1.0, 0.0, 0.0, 0.0, 0.0, 0.0, 0.0, 0.0, 2.0], "bins": [-0.05720650404691696, -0.05562867224216461, -0.05405084416270256, -0.05247301235795021, -0.05089518055319786, -0.04931735247373581, -0.04773952066898346, -0.04616168886423111, -0.04458385705947876, -0.04300602525472641, -0.04142819717526436, -0.03985036537051201, -0.03827253356575966, -0.03669470548629761, -0.03511687368154526, -0.03353904187679291, -0.03196121007204056, -0.030383380129933357, -0.028805548325181007, -0.027227718383073807, -0.025649886578321457, -0.024072056636214256, -0.022494226694107056, -0.020916394889354706, -0.019338566809892654, -0.017760736867785454, -0.016182905063033104, -0.014605075120925903, -0.013027243316173553, -0.011449413374066353, -0.009871582500636578, -0.008293751627206802, -0.0067159198224544525, -0.005138088949024677, -0.0035602583084255457, -0.001982427667826414, -0.00040459679439663887, 0.001173233613371849, 0.0027510644868016243, 0.0043288953602313995, 0.005906727164983749, 0.007484558038413525, 0.0090623889118433, 0.0106402188539505, 0.01221805065870285, 0.013795880600810051, 0.015373711474239826, 0.0169515423476696, 0.018529372289776802, 0.020107202231884003, 0.021685034036636353, 0.023262863978743553, 0.024840695783495903, 0.026418525725603104, 0.027996357530355453, 0.029574187472462654, 0.031152017414569855, 0.032729849219322205, 0.034307677298784256, 0.035885509103536606, 0.037463340908288956, 0.03904116898775101, 0.04061900079250336, 0.04219683259725571, 0.04377466440200806]}, "gradients/net.0.bias": {"_type": "histogram", "values": [1.0, 0.0, 0.0, 0.0, 0.0, 0.0, 0.0, 0.0, 0.0, 0.0, 0.0, 0.0, 0.0, 0.0, 0.0, 0.0, 0.0, 0.0, 0.0, 1.0, 0.0, 0.0, 0.0, 0.0, 0.0, 0.0, 0.0, 0.0, 0.0, 0.0, 0.0, 0.0, 1.0, 2.0, 11.0, 21.0, 19.0, 3.0, 2.0, 1.0, 0.0, 0.0, 0.0, 0.0, 0.0, 0.0, 0.0, 0.0, 1.0, 0.0, 0.0, 0.0, 0.0, 0.0, 0.0, 0.0, 0.0, 0.0, 0.0, 0.0, 0.0, 0.0, 0.0, 1.0], "bins": [-0.02832585945725441, -0.027534838765859604, -0.02674381621181965, -0.025952795520424843, -0.025161772966384888, -0.024370752274990082, -0.023579731583595276, -0.02278871089220047, -0.021997688338160515, -0.02120666764676571, -0.020415645092725754, -0.019624624401330948, -0.018833603709936142, -0.018042581155896187, -0.01725156046450138, -0.016460537910461426, -0.01566951721906662, -0.01487849559634924, -0.014087473973631859, -0.013296453282237053, -0.012505431659519672, -0.011714410036802292, -0.010923389345407486, -0.010132367722690105, -0.009341346099972725, -0.008550324477255344, -0.007759303320199251, -0.006968282163143158, -0.0061772605404257774, -0.005386238917708397, -0.004595217760652304, -0.0038041966035962105, -0.0030131731182336807, -0.002222151728346944, -0.001431130338460207, -0.0006401089485734701, 0.00015091244131326675, 0.0009419340640306473, 0.0017329552210867405, 0.0025239763781428337, 0.0033149980008602142, 0.004106019623577595, 0.004897040780633688, 0.005688061937689781, 0.006479083560407162, 0.007270105183124542, 0.008061125874519348, 0.008852147497236729, 0.00964316911995411, 0.01043419074267149, 0.01122521236538887, 0.012016233056783676, 0.012807254679501057, 0.013598276302218437, 0.014389296993613243, 0.015180318616330624, 0.015971340239048004, 0.01676236093044281, 0.017553383484482765, 0.01834440417587757, 0.019135426729917526, 0.019926447421312332, 0.020717468112707138, 0.021508488804101944, 0.0222995113581419]}, "gradients/net.0.weight": {"_type": "histogram", "values": [1.0, 0.0, 0.0, 0.0, 0.0, 0.0, 0.0, 0.0, 0.0, 0.0, 0.0, 0.0, 0.0, 0.0, 0.0, 0.0, 0.0, 0.0, 0.0, 0.0, 0.0, 0.0, 0.0, 0.0, 0.0, 0.0, 0.0, 0.0, 0.0, 5.0, 1.0, 239.0, 4.0, 2.0, 0.0, 1.0, 1.0, 1.0, 0.0, 0.0, 0.0, 0.0, 0.0, 0.0, 0.0, 0.0, 0.0, 0.0, 0.0, 0.0, 0.0, 0.0, 0.0, 0.0, 0.0, 0.0, 0.0, 0.0, 0.0, 0.0, 0.0, 0.0, 0.0, 1.0], "bins": [-0.07752923667430878, -0.07508043944835663, -0.07263164222240448, -0.07018284499645233, -0.06773404777050018, -0.06528525054454803, -0.06283645331859589, -0.060387659817934036, -0.05793886259198189, -0.05549006536602974, -0.05304126814007759, -0.05059247091412544, -0.04814367741346359, -0.045694880187511444, -0.043246082961559296, -0.04079728573560715, -0.038348488509655, -0.03589969128370285, -0.0334508940577507, -0.031002098694443703, -0.028553301468491554, -0.026104504242539406, -0.023655708879232407, -0.021206911653280258, -0.01875811442732811, -0.01630931720137596, -0.013860520906746387, -0.011411724612116814, -0.008962927386164665, -0.006514130160212517, -0.004065333865582943, -0.0016165375709533691, 0.0008322596549987793, 0.0032810564152896404, 0.0057298531755805016, 0.008178649470210075, 0.010627446696162224, 0.013076243922114372, 0.015525040216743946, 0.01797383651137352, 0.02042263373732567, 0.022871430963277817, 0.025320228189229965, 0.027769023552536964, 0.030217820778489113, 0.03266661614179611, 0.03511541336774826, 0.03756421059370041, 0.04001300781965256, 0.042461805045604706, 0.044910602271556854, 0.047359399497509, 0.04980819672346115, 0.0522569939494133, 0.05470578745007515, 0.0571545846760273, 0.059603381901979446, 0.062052179127931595, 0.06450097262859344, 0.0669497698545456, 0.06939856708049774, 0.07184736430644989, 0.07429616153240204, 0.07674495875835419, 0.07919375598430634]}, "loss": 0.05478185415267944, "episode_reward": 12.0, "average_reward": 21.12, "epsilon_greedy": 0.873301666666725, "_runtime": 16, "_timestamp": 1642183197, "_step": 4, "_wandb": {"runtime": 14}}