{"gradients/net.2.bias": {"_type": "histogram", "values": [1.0, 0.0, 0.0, 0.0, 0.0, 0.0, 0.0, 0.0, 0.0, 0.0, 0.0, 0.0, 0.0, 0.0, 0.0, 0.0, 0.0, 0.0, 0.0, 0.0, 0.0, 0.0, 0.0, 0.0, 0.0, 0.0, 0.0, 0.0, 0.0, 0.0, 0.0, 0.0, 0.0, 0.0, 0.0, 0.0, 0.0, 0.0, 0.0, 0.0, 0.0, 0.0, 0.0, 0.0, 0.0, 0.0, 0.0, 0.0, 0.0, 0.0, 0.0, 0.0, 0.0, 0.0, 0.0, 0.0, 0.0, 0.0, 0.0, 0.0, 0.0, 0.0, 0.0, 1.0], "bins": [-0.012335240840911865, -0.010979648679494858, -0.009624057449400425, -0.008268466219305992, -0.006912874057888985, -0.0055572823621332645, -0.004201690666377544, -0.0028460994362831116, -0.0014905072748661041, -0.000134915579110384, 0.0012206761166453362, 0.0025762678124010563, 0.003931859508156776, 0.005287451203912497, 0.006643042899668217, 0.00799863412976265, 0.009354226291179657, 0.010709818452596664, 0.012065409682691097, 0.01342100091278553, 0.014776593074202538, 0.016132185235619545, 0.017487775534391403, 0.01884336769580841, 0.020198959857225418, 0.021554552018642426, 0.022910144180059433, 0.02426573447883129, 0.0256213266402483, 0.026976918801665306, 0.028332509100437164, 0.029688101261854172, 0.03104369342327118, 0.03239928558468819, 0.033754877746105194, 0.0351104699075222, 0.03646606206893921, 0.03782165050506592, 0.039177242666482925, 0.04053283482789993, 0.04188842698931694, 0.04324401915073395, 0.044599611312150955, 0.04595520347356796, 0.04731079190969467, 0.04866638407111168, 0.050021976232528687, 0.051377568393945694, 0.0527331605553627, 0.05408875271677971, 0.055444344878196716, 0.056799937039613724, 0.05815552920103073, 0.05951111763715744, 0.06086670979857445, 0.062222301959991455, 0.06357789039611816, 0.06493347883224487, 0.06628907471895218, 0.06764466315507889, 0.0690002590417862, 0.0703558474779129, 0.07171144336462021, 0.07306703180074692, 0.07442262768745422]}, "gradients/net.2.weight": {"_type": "histogram", "values": [2.0, 2.0, 1.0, 0.0, 1.0, 1.0, 2.0, 2.0, 0.0, 0.0, 0.0, 0.0, 0.0, 0.0, 0.0, 1.0, 1.0, 1.0, 0.0, 0.0, 0.0, 1.0, 0.0, 2.0, 0.0, 4.0, 6.0, 6.0, 8.0, 47.0, 15.0, 7.0, 2.0, 0.0, 0.0, 0.0, 1.0, 1.0, 0.0, 1.0, 0.0, 0.0, 1.0, 1.0, 0.0, 0.0, 0.0, 0.0, 1.0, 0.0, 1.0, 1.0, 3.0, 0.0, 1.0, 1.0, 1.0, 0.0, 1.0, 0.0, 0.0, 0.0, 0.0, 1.0], "bins": [-0.05619814991950989, -0.05429012328386307, -0.05238209664821625, -0.05047407001256943, -0.04856603965163231, -0.04665801301598549, -0.04474998638033867, -0.04284195974469185, -0.04093392938375473, -0.03902590274810791, -0.03711787611246109, -0.03520984947681427, -0.03330181911587715, -0.03139379248023033, -0.02948576584458351, -0.02757773920893669, -0.02566971257328987, -0.02376168593764305, -0.021853657439351082, -0.019945630803704262, -0.018037602305412292, -0.016129575669765472, -0.014221549034118652, -0.012313521467149258, -0.010405495762825012, -0.008497468195855618, -0.00658944109454751, -0.004681413993239403, -0.002773386426270008, -0.0008653588593006134, 0.0010426677763462067, 0.0029506953433156013, 0.004858724772930145, 0.00676675233989954, 0.008674779906868935, 0.010582806542515755, 0.01249083410948515, 0.014398861676454544, 0.016306888312101364, 0.018214914947748184, 0.020122945308685303, 0.022030971944332123, 0.023939000442624092, 0.025847027078270912, 0.02775505557656288, 0.0296630822122097, 0.03157110884785652, 0.03347913548350334, 0.03538716211915016, 0.03729518875479698, 0.0392032153904438, 0.04111124575138092, 0.04301927238702774, 0.04492729902267456, 0.04683532565832138, 0.0487433522939682, 0.05065137892961502, 0.05255940556526184, 0.05446743220090866, 0.05637545883655548, 0.0582834891974926, 0.06019151583313942, 0.06209954246878624, 0.06400757282972336, 0.06591559946537018]}, "gradients/net.0.bias": {"_type": "histogram", "values": [1.0, 0.0, 0.0, 0.0, 0.0, 0.0, 0.0, 0.0, 0.0, 0.0, 0.0, 0.0, 0.0, 1.0, 0.0, 0.0, 0.0, 0.0, 0.0, 0.0, 0.0, 2.0, 1.0, 1.0, 1.0, 1.0, 1.0, 1.0, 1.0, 2.0, 0.0, 2.0, 0.0, 0.0, 0.0, 1.0, 0.0, 11.0, 18.0, 5.0, 0.0, 1.0, 3.0, 1.0, 0.0, 0.0, 0.0, 0.0, 1.0, 2.0, 1.0, 1.0, 0.0, 0.0, 0.0, 2.0, 1.0, 0.0, 0.0, 0.0, 0.0, 0.0, 0.0, 1.0], "bins": [-0.03772825747728348, -0.036736998707056046, -0.035745736211538315, -0.03475447744131088, -0.03376321494579315, -0.03277195617556572, -0.03178069740533829, -0.030789436772465706, -0.029798176139593124, -0.028806915506720543, -0.02781565487384796, -0.02682439610362053, -0.025833135470747948, -0.024841874837875366, -0.023850616067647934, -0.022859355434775352, -0.02186809480190277, -0.02087683416903019, -0.019885573536157608, -0.018894314765930176, -0.017903054133057594, -0.016911793500185013, -0.01592053472995758, -0.014929274097084999, -0.013938013464212418, -0.012946752831339836, -0.01195549312978983, -0.010964233428239822, -0.009972972795367241, -0.00898171216249466, -0.007990452460944653, -0.006999192293733358, -0.0060079339891672134, -0.005016673821955919, -0.004025413654744625, -0.003034153487533331, -0.0020428933203220367, -0.0010516331531107426, -6.0372985899448395e-05, 0.0009308871813118458, 0.00192214734852314, 0.002913407515734434, 0.0039046676829457283, 0.0048959278501570225, 0.005887188017368317, 0.006878448184579611, 0.007869708351790905, 0.008860968053340912, 0.009852228686213493, 0.010843489319086075, 0.011834749020636082, 0.012826008722186089, 0.01381726935505867, 0.014808529987931252, 0.015799790620803833, 0.016791049391031265, 0.017782310023903847, 0.018773570656776428, 0.01976482942700386, 0.020756090059876442, 0.021747350692749023, 0.022738611325621605, 0.023729871958494186, 0.02472113072872162, 0.0257123913615942]}, "gradients/net.0.weight": {"_type": "histogram", "values": [1.0, 0.0, 0.0, 0.0, 0.0, 1.0, 0.0, 1.0, 0.0, 1.0, 0.0, 0.0, 1.0, 0.0, 1.0, 5.0, 0.0, 1.0, 1.0, 1.0, 4.0, 2.0, 2.0, 2.0, 4.0, 6.0, 3.0, 4.0, 8.0, 33.0, 116.0, 11.0, 7.0, 5.0, 4.0, 5.0, 5.0, 1.0, 0.0, 2.0, 0.0, 4.0, 1.0, 0.0, 3.0, 1.0, 0.0, 0.0, 0.0, 2.0, 5.0, 0.0, 0.0, 0.0, 0.0, 0.0, 0.0, 0.0, 0.0, 1.0, 0.0, 0.0, 0.0, 1.0], "bins": [-0.025501959025859833, -0.02465995028614998, -0.023817939683794975, -0.022975929081439972, -0.022133920341730118, -0.021291911602020264, -0.02044990099966526, -0.019607890397310257, -0.018765881657600403, -0.01792387291789055, -0.017081862315535545, -0.016239851713180542, -0.015397842973470688, -0.014555833302438259, -0.01371382363140583, -0.012871813960373402, -0.012029804289340973, -0.011187794618308544, -0.010345784947276115, -0.009503775276243687, -0.008661765605211258, -0.00781975593417883, -0.0069777462631464005, -0.006135736592113972, -0.005293726921081543, -0.004451717250049114, -0.0036097075790166855, -0.0027676979079842567, -0.001925688236951828, -0.0010836785659193993, -0.00024166889488697052, 0.0006003407761454582, 0.001442350447177887, 0.0022843601182103157, 0.0031263697892427444, 0.003968379460275173, 0.004810389131307602, 0.005652398802340031, 0.006494408473372459, 0.007336418144404888, 0.008178427815437317, 0.009020437486469746, 0.009862447157502174, 0.010704456828534603, 0.011546466499567032, 0.01238847617059946, 0.01323048584163189, 0.014072495512664318, 0.014914505183696747, 0.0157565139234066, 0.016598524525761604, 0.017440535128116608, 0.018282543867826462, 0.019124552607536316, 0.01996656320989132, 0.020808573812246323, 0.021650582551956177, 0.02249259129166603, 0.023334601894021034, 0.024176612496376038, 0.02501862123608589, 0.025860629975795746, 0.02670264057815075, 0.027544651180505753, 0.028386659920215607]}, "loss": 0.08258301019668579, "episode_reward": 160.0, "average_reward": 52.57, "epsilon_greedy": 0.6199050000001751, "_runtime": 26, "_timestamp": 1642183239, "_step": 4, "_wandb": {"runtime": 23}}