{"gradients/net.2.bias": {"_type": "histogram", "values": [1.0, 0.0, 0.0, 0.0, 0.0, 0.0, 0.0, 0.0, 0.0, 0.0, 0.0, 0.0, 0.0, 0.0, 0.0, 0.0, 0.0, 0.0, 0.0, 0.0, 0.0, 0.0, 0.0, 0.0, 0.0, 0.0, 0.0, 0.0, 0.0, 0.0, 0.0, 0.0, 0.0, 0.0, 0.0, 0.0, 0.0, 0.0, 0.0, 0.0, 0.0, 0.0, 0.0, 0.0, 0.0, 0.0, 0.0, 0.0, 0.0, 0.0, 0.0, 0.0, 0.0, 0.0, 0.0, 0.0, 0.0, 0.0, 0.0, 0.0, 0.0, 0.0, 0.0, 1.0], "bins": [0.04908515512943268, 0.05168509483337402, 0.05428503826260567, 0.05688497796654701, 0.05948491767048836, 0.06208486109972, 0.06468480080366135, 0.06728474050760269, 0.06988468021154404, 0.07248461991548538, 0.07508455961942673, 0.07768450677394867, 0.08028444647789001, 0.08288438618183136, 0.0854843258857727, 0.08808426558971405, 0.0906842052936554, 0.09328414499759674, 0.09588408470153809, 0.09848402440547943, 0.10108397156000137, 0.10368391126394272, 0.10628385096788406, 0.10888379067182541, 0.11148373782634735, 0.1140836775302887, 0.11668361723423004, 0.11928355693817139, 0.12188350409269333, 0.12448344379663467, 0.12708339095115662, 0.12968331575393677, 0.1322832703590393, 0.13488321006298065, 0.137483149766922, 0.14008308947086334, 0.1426830291748047, 0.14528296887874603, 0.14788290858268738, 0.15048286318778992, 0.15308278799057007, 0.1556827276945114, 0.15828266739845276, 0.1608826071023941, 0.16348254680633545, 0.1660824865102768, 0.16868242621421814, 0.17128238081932068, 0.17388232052326202, 0.17648226022720337, 0.17908219993114471, 0.18168213963508606, 0.1842820793390274, 0.18688201904296875, 0.1894819736480713, 0.19208189845085144, 0.19468183815479279, 0.19728177785873413, 0.19988171756267548, 0.20248165726661682, 0.20508159697055817, 0.2076815366744995, 0.21028149127960205, 0.2128814160823822, 0.21548137068748474]}, "gradients/net.2.weight": {"_type": "histogram", "values": [1.0, 1.0, 0.0, 0.0, 0.0, 0.0, 0.0, 0.0, 0.0, 0.0, 0.0, 0.0, 0.0, 0.0, 0.0, 0.0, 1.0, 0.0, 1.0, 0.0, 0.0, 1.0, 0.0, 1.0, 1.0, 0.0, 1.0, 1.0, 2.0, 1.0, 2.0, 9.0, 16.0, 28.0, 22.0, 18.0, 17.0, 1.0, 1.0, 1.0, 0.0, 0.0, 0.0, 0.0, 0.0, 0.0, 0.0, 0.0, 0.0, 0.0, 0.0, 0.0, 0.0, 0.0, 0.0, 0.0, 0.0, 0.0, 0.0, 0.0, 0.0, 0.0, 0.0, 1.0], "bins": [-0.21387717127799988, -0.20763641595840454, -0.201395645737648, -0.19515489041805267, -0.18891413509845734, -0.1826733648777008, -0.17643260955810547, -0.17019185423851013, -0.1639510989189148, -0.15771034359931946, -0.15146957337856293, -0.1452288180589676, -0.13898806273937225, -0.13274729251861572, -0.12650653719902039, -0.12026578187942505, -0.11402501165866852, -0.10778424888849258, -0.10154349356889725, -0.09530273079872131, -0.08906197547912598, -0.08282121270895004, -0.07658044993877411, -0.07033969461917877, -0.06409892439842224, -0.057858165353536606, -0.05161740630865097, -0.04537664353847504, -0.0391358844935894, -0.032895125448703766, -0.026654362678527832, -0.020413603633642197, -0.014172852039337158, -0.007932092063128948, -0.0016913320869207382, 0.004549428820610046, 0.010790187865495682, 0.017030946910381317, 0.02327170968055725, 0.029512468725442886, 0.035753220319747925, 0.04199397936463356, 0.048234738409519196, 0.05447550117969513, 0.060716260224580765, 0.0669570192694664, 0.07319778203964233, 0.07943853735923767, 0.0856793075799942, 0.09192007035017014, 0.09816082566976547, 0.1044015884399414, 0.11064234375953674, 0.11688310652971268, 0.12312386929988861, 0.12936462461948395, 0.13560539484024048, 0.14184615015983582, 0.14808692038059235, 0.15432767570018768, 0.16056843101978302, 0.16680920124053955, 0.1730499565601349, 0.17929071187973022, 0.18553146719932556]}, "gradients/net.0.bias": {"_type": "histogram", "values": [1.0, 0.0, 0.0, 0.0, 0.0, 0.0, 0.0, 0.0, 0.0, 0.0, 0.0, 0.0, 0.0, 0.0, 0.0, 0.0, 0.0, 0.0, 0.0, 0.0, 0.0, 0.0, 3.0, 1.0, 5.0, 5.0, 5.0, 10.0, 8.0, 8.0, 7.0, 6.0, 2.0, 0.0, 1.0, 0.0, 0.0, 0.0, 0.0, 1.0, 0.0, 0.0, 0.0, 0.0, 0.0, 0.0, 0.0, 0.0, 0.0, 0.0, 0.0, 0.0, 0.0, 0.0, 0.0, 0.0, 0.0, 0.0, 0.0, 0.0, 0.0, 0.0, 0.0, 1.0], "bins": [-0.07251826673746109, -0.07002320140600204, -0.067528136074543, -0.06503306329250336, -0.06253799796104431, -0.060042932629585266, -0.05754786729812622, -0.055052801966667175, -0.05255773290991783, -0.050062667578458786, -0.04756759852170944, -0.0450725331902504, -0.04257746785879135, -0.04008239880204201, -0.03758733347058296, -0.03509226441383362, -0.03259719908237457, -0.030102131888270378, -0.027607064694166183, -0.025111999362707138, -0.022616932168602943, -0.02012186497449875, -0.017626799643039703, -0.015131732448935509, -0.012636665254831314, -0.01014159806072712, -0.007646531797945499, -0.005151465069502592, -0.0026563983410596848, -0.0001613311469554901, 0.00233373511582613, 0.00482880137860775, 0.0073238760232925415, 0.009818943217396736, 0.012314009480178356, 0.014809075742959976, 0.01730414293706417, 0.019799210131168365, 0.02229427546262741, 0.024789342656731606, 0.0272844098508358, 0.029779477044939995, 0.03227454423904419, 0.034769609570503235, 0.03726467490196228, 0.039759743958711624, 0.04225480929017067, 0.04474987834692001, 0.04724494367837906, 0.049740009009838104, 0.05223507806658745, 0.054730143398046494, 0.05722521245479584, 0.05972027778625488, 0.06221534311771393, 0.06471040844917297, 0.06720547378063202, 0.06970053911209106, 0.07219560444355011, 0.07469067722558975, 0.0771857425570488, 0.07968080788850784, 0.08217587321996689, 0.08467093855142593, 0.08716601133346558]}, "gradients/net.0.weight": {"_type": "histogram", "values": [1.0, 0.0, 0.0, 0.0, 0.0, 0.0, 0.0, 0.0, 0.0, 0.0, 0.0, 0.0, 0.0, 0.0, 0.0, 0.0, 0.0, 0.0, 0.0, 0.0, 1.0, 0.0, 0.0, 0.0, 0.0, 0.0, 0.0, 0.0, 0.0, 1.0, 0.0, 6.0, 4.0, 5.0, 4.0, 4.0, 7.0, 25.0, 128.0, 31.0, 12.0, 5.0, 6.0, 4.0, 4.0, 3.0, 3.0, 1.0, 0.0, 0.0, 0.0, 0.0, 0.0, 0.0, 0.0, 0.0, 0.0, 0.0, 0.0, 0.0, 0.0, 0.0, 0.0, 1.0], "bins": [-0.10419479757547379, -0.10149464756250381, -0.09879450500011444, -0.09609435498714447, -0.0933942049741745, -0.09069405496120453, -0.08799391239881516, -0.08529376238584518, -0.08259361982345581, -0.07989346981048584, -0.07719332724809647, -0.0744931772351265, -0.07179302722215652, -0.06909288465976715, -0.06639273464679718, -0.06369258463382721, -0.06099243462085724, -0.058292288333177567, -0.055592138320207596, -0.052891992032527924, -0.05019184201955795, -0.04749169573187828, -0.04479154944419861, -0.04209139943122864, -0.039391256868839264, -0.03669111058115959, -0.03399096056818962, -0.03129081428050995, -0.028590666130185127, -0.025890517979860306, -0.023190371692180634, -0.020490223541855812, -0.01779007911682129, -0.015089930966496468, -0.01238978374749422, -0.009689636528491974, -0.006989488378167152, -0.004289340227842331, -0.0015891939401626587, 0.0011109542101621628, 0.0038111060857772827, 0.006511253770440817, 0.009211401455104351, 0.011911548674106598, 0.01461169682443142, 0.01731184497475624, 0.020011991262435913, 0.022712139412760735, 0.025412283837795258, 0.02811243198812008, 0.0308125801384449, 0.03351272642612457, 0.03621287643909454, 0.038913022726774216, 0.04161316901445389, 0.04431331902742386, 0.04701346531510353, 0.0497136116027832, 0.052413761615753174, 0.055113907903432846, 0.05781405419111252, 0.06051420420408249, 0.06321434676647186, 0.06591449677944183, 0.0686146467924118]}, "loss": 0.08630990982055664, "episode_reward": 18.0, "average_reward": 26.38, "epsilon_greedy": 0.6199050000001751, "_runtime": 18, "_timestamp": 1642182708, "_step": 4, "_wandb": {"runtime": 16}}