{"loss": 0.1099681407213211, "episode_reward": 149.0, "average_reward": 161.68, "epsilon_greedy": 0.05, "_runtime": 175, "_timestamp": 1642183578, "_step": 999, "gradients/net.2.bias": {"_type": "histogram", "values": [1.0, 0.0, 0.0, 0.0, 0.0, 0.0, 0.0, 0.0, 0.0, 0.0, 0.0, 0.0, 0.0, 0.0, 0.0, 0.0, 0.0, 0.0, 0.0, 0.0, 0.0, 0.0, 0.0, 0.0, 0.0, 0.0, 0.0, 0.0, 0.0, 0.0, 0.0, 0.0, 0.0, 0.0, 0.0, 0.0, 0.0, 0.0, 0.0, 0.0, 0.0, 0.0, 0.0, 0.0, 0.0, 0.0, 0.0, 0.0, 0.0, 0.0, 0.0, 0.0, 0.0, 0.0, 0.0, 0.0, 0.0, 0.0, 0.0, 0.0, 0.0, 0.0, 0.0, 1.0], "bins": [0.045544207096099854, 0.0531155988574028, 0.06068699061870575, 0.0682583823800087, 0.07582977414131165, 0.0834011659026146, 0.09097255766391754, 0.09854394942522049, 0.10611534118652344, 0.11368673294782639, 0.12125812470912933, 0.12882950901985168, 0.13640090823173523, 0.14397230744361877, 0.15154369175434113, 0.15911507606506348, 0.16668647527694702, 0.17425787448883057, 0.18182925879955292, 0.18940064311027527, 0.1969720423221588, 0.20454344153404236, 0.2121148258447647, 0.21968621015548706, 0.2272576093673706, 0.23482900857925415, 0.2424003928899765, 0.24997177720069885, 0.2575431764125824, 0.26511457562446594, 0.2726859450340271, 0.28025734424591064, 0.2878287434577942, 0.29540014266967773, 0.3029715418815613, 0.31054291129112244, 0.318114310503006, 0.3256857097148895, 0.3332570791244507, 0.34082847833633423, 0.3483998775482178, 0.3559712767601013, 0.36354267597198486, 0.371114045381546, 0.37868544459342957, 0.3862568438053131, 0.39382821321487427, 0.4013996124267578, 0.40897101163864136, 0.4165424108505249, 0.42411381006240845, 0.4316851794719696, 0.43925657868385315, 0.4468279778957367, 0.45439934730529785, 0.4619707465171814, 0.46954214572906494, 0.4771135449409485, 0.48468494415283203, 0.4922563135623932, 0.49982771277427673, 0.5073990821838379, 0.5149704813957214, 0.522541880607605, 0.5301132798194885]}, "gradients/net.2.weight": {"_type": "histogram", "values": [3.0, 0.0, 1.0, 0.0, 0.0, 0.0, 0.0, 1.0, 0.0, 0.0, 0.0, 0.0, 0.0, 0.0, 0.0, 1.0, 0.0, 0.0, 0.0, 0.0, 0.0, 0.0, 0.0, 0.0, 0.0, 0.0, 0.0, 0.0, 2.0, 7.0, 0.0, 19.0, 82.0, 0.0, 4.0, 3.0, 0.0, 0.0, 0.0, 0.0, 0.0, 0.0, 0.0, 0.0, 0.0, 0.0, 0.0, 0.0, 0.0, 0.0, 0.0, 0.0, 1.0, 0.0, 0.0, 0.0, 0.0, 0.0, 0.0, 1.0, 0.0, 0.0, 0.0, 3.0], "bins": [-0.5451015830039978, -0.5280968546867371, -0.5110920667648315, -0.4940873086452484, -0.4770825505256653, -0.46007782220840454, -0.4430730640888214, -0.4260683059692383, -0.40906354784965515, -0.392058789730072, -0.3750540316104889, -0.35804927349090576, -0.341044545173645, -0.3240397572517395, -0.30703502893447876, -0.29003027081489563, -0.2730255126953125, -0.25602075457572937, -0.23901599645614624, -0.2220112532377243, -0.20500649511814117, -0.18800173699855804, -0.1709969937801361, -0.15399223566055298, -0.13698747754096985, -0.11998271942138672, -0.10297796875238419, -0.08597321808338165, -0.06896845996379852, -0.05196370184421539, -0.03495895117521286, -0.017954200506210327, -0.0009495019912719727, 0.01605525240302086, 0.03306000679731369, 0.05006476119160652, 0.06706951558589935, 0.08407427370548248, 0.10107902437448502, 0.11808377504348755, 0.13508853316307068, 0.1520932912826538, 0.16909804940223694, 0.18610279262065887, 0.203107550740242, 0.22011230885982513, 0.23711705207824707, 0.2541218101978302, 0.27112656831741333, 0.28813132643699646, 0.3051360845565796, 0.3221408426761627, 0.33914560079574585, 0.3561503291130066, 0.3731550872325897, 0.39015984535217285, 0.407164603471756, 0.4241693615913391, 0.44117411971092224, 0.45817887783050537, 0.4751836061477661, 0.49218839406967163, 0.5091931223869324, 0.5261979103088379, 0.5432026386260986]}, "gradients/net.0.bias": {"_type": "histogram", "values": [1.0, 0.0, 0.0, 0.0, 0.0, 0.0, 0.0, 1.0, 0.0, 0.0, 1.0, 0.0, 0.0, 0.0, 0.0, 0.0, 0.0, 1.0, 0.0, 0.0, 0.0, 0.0, 0.0, 0.0, 0.0, 0.0, 1.0, 1.0, 0.0, 0.0, 0.0, 0.0, 0.0, 2.0, 2.0, 42.0, 8.0, 1.0, 1.0, 0.0, 0.0, 0.0, 0.0, 0.0, 0.0, 0.0, 0.0, 0.0, 0.0, 1.0, 0.0, 0.0, 0.0, 0.0, 0.0, 0.0, 0.0, 0.0, 0.0, 0.0, 0.0, 0.0, 0.0, 1.0], "bins": [-0.3496774733066559, -0.3399239182472229, -0.3301703631877899, -0.32041680812835693, -0.31066322326660156, -0.3009096682071686, -0.2911561131477356, -0.2814025580883026, -0.27164900302886963, -0.26189544796943665, -0.25214189291000366, -0.24238832294940948, -0.2326347678899765, -0.22288121283054352, -0.21312764286994934, -0.20337408781051636, -0.19362053275108337, -0.1838669776916504, -0.1741134226322174, -0.16435985267162323, -0.15460629761219025, -0.14485274255275726, -0.13509917259216309, -0.1253456175327301, -0.11559206247329712, -0.10583850741386414, -0.09608494490385056, -0.08633138239383698, -0.07657782733440399, -0.06682427227497101, -0.05707070976495743, -0.04731714725494385, -0.037563592195510864, -0.027810033410787582, -0.0180564746260643, -0.008302915841341019, 0.0014506429433822632, 0.011204201728105545, 0.020957760512828827, 0.030711323022842407, 0.04046487808227539, 0.05021843686699867, 0.059971995651721954, 0.06972555816173553, 0.07947911322116852, 0.0892326682806015, 0.09898623079061508, 0.10873979330062866, 0.11849334836006165, 0.12824690341949463, 0.1380004584789276, 0.1477540284395218, 0.15750758349895477, 0.16726113855838776, 0.17701470851898193, 0.18676826357841492, 0.1965218186378479, 0.20627537369728088, 0.21602892875671387, 0.22578249871730804, 0.23553605377674103, 0.245289608836174, 0.2550431787967682, 0.26479673385620117, 0.27455028891563416]}, "gradients/net.0.weight": {"_type": "histogram", "values": [1.0, 0.0, 0.0, 0.0, 0.0, 0.0, 0.0, 0.0, 0.0, 0.0, 0.0, 1.0, 0.0, 0.0, 1.0, 0.0, 0.0, 0.0, 0.0, 0.0, 1.0, 0.0, 0.0, 0.0, 1.0, 5.0, 0.0, 37.0, 193.0, 0.0, 1.0, 2.0, 1.0, 2.0, 0.0, 0.0, 1.0, 1.0, 1.0, 0.0, 0.0, 0.0, 1.0, 0.0, 1.0, 0.0, 1.0, 0.0, 1.0, 0.0, 0.0, 0.0, 0.0, 1.0, 0.0, 0.0, 1.0, 0.0, 0.0, 0.0, 0.0, 0.0, 0.0, 1.0], "bins": [-0.4447742700576782, -0.4289138615131378, -0.4130534529685974, -0.397193044424057, -0.3813326358795166, -0.3654721975326538, -0.3496117889881134, -0.333751380443573, -0.3178909718990326, -0.3020305633544922, -0.2861701548099518, -0.2703097462654114, -0.2544493079185486, -0.23858891427516937, -0.22272849082946777, -0.20686808228492737, -0.19100767374038696, -0.17514726519584656, -0.15928685665130615, -0.14342643320560455, -0.12756602466106415, -0.11170561611652374, -0.09584520012140274, -0.07998478412628174, -0.06412437558174133, -0.04826396331191063, -0.032403551042079926, -0.016543138772249222, -0.0006827265024185181, 0.015177682042121887, 0.03103809803724289, 0.04689851403236389, 0.06275886297225952, 0.07861927151679993, 0.09447968751192093, 0.11034010350704193, 0.12620051205158234, 0.14206092059612274, 0.15792134404182434, 0.17378175258636475, 0.18964216113090515, 0.20550256967544556, 0.22136297821998596, 0.23722340166568756, 0.25308382511138916, 0.2689442038536072, 0.28480464220046997, 0.3006650507450104, 0.3165254592895508, 0.3323858678340912, 0.3482462763786316, 0.364106684923172, 0.3799670934677124, 0.3958275318145752, 0.4116879403591156, 0.427548348903656, 0.4434087574481964, 0.4592691659927368, 0.4751295745372772, 0.4909899830818176, 0.5068504214286804, 0.5227108001708984, 0.5385712385177612, 0.554431676864624, 0.570292055606842]}, "_wandb": {"runtime": 173}}