{"gradients/net.2.bias": {"_type": "histogram", "values": [1.0, 0.0, 0.0, 0.0, 0.0, 0.0, 0.0, 0.0, 0.0, 0.0, 0.0, 0.0, 0.0, 0.0, 0.0, 0.0, 0.0, 0.0, 0.0, 0.0, 0.0, 0.0, 0.0, 0.0, 0.0, 0.0, 0.0, 0.0, 0.0, 0.0, 0.0, 0.0, 0.0, 0.0, 0.0, 0.0, 0.0, 0.0, 0.0, 0.0, 0.0, 0.0, 0.0, 0.0, 0.0, 0.0, 0.0, 0.0, 0.0, 0.0, 0.0, 0.0, 0.0, 0.0, 0.0, 0.0, 0.0, 0.0, 0.0, 0.0, 0.0, 0.0, 0.0, 1.0], "bins": [-0.050084471702575684, -0.05006656050682068, -0.05004865303635597, -0.05003074184060097, -0.05001283437013626, -0.049994923174381256, -0.04997701197862625, -0.049959104508161545, -0.04994119331240654, -0.049923282116651535, -0.04990537464618683, -0.049887463450431824, -0.04986955225467682, -0.04985164478421211, -0.04983373358845711, -0.0498158261179924, -0.049797914922237396, -0.04978000372648239, -0.049762096256017685, -0.04974418506026268, -0.049726277589797974, -0.04970836639404297, -0.049690455198287964, -0.04967254772782326, -0.04965463653206825, -0.04963672533631325, -0.04961881786584854, -0.049600906670093536, -0.04958299547433853, -0.049565088003873825, -0.04954717680811882, -0.049529269337654114, -0.04951135814189911, -0.049493446946144104, -0.0494755394756794, -0.04945762827992439, -0.049439720809459686, -0.04942180961370468, -0.049403898417949677, -0.04938599094748497, -0.049368079751729965, -0.04935016855597496, -0.049332261085510254, -0.04931434988975525, -0.049296438694000244, -0.04927853122353554, -0.04926062002778053, -0.049242712557315826, -0.04922480136156082, -0.04920689016580582, -0.04918898269534111, -0.049171071499586105, -0.0491531640291214, -0.049135252833366394, -0.04911734163761139, -0.04909943416714668, -0.04908152297139168, -0.04906361177563667, -0.04904570430517197, -0.04902779310941696, -0.04900988191366196, -0.04899197444319725, -0.048974063247442245, -0.04895615577697754, -0.048938244581222534]}, "gradients/net.2.weight": {"_type": "histogram", "values": [1.0, 0.0, 0.0, 0.0, 2.0, 1.0, 0.0, 1.0, 0.0, 0.0, 1.0, 0.0, 1.0, 0.0, 0.0, 0.0, 1.0, 0.0, 0.0, 0.0, 0.0, 1.0, 0.0, 0.0, 0.0, 1.0, 0.0, 1.0, 2.0, 13.0, 36.0, 26.0, 15.0, 4.0, 1.0, 3.0, 0.0, 0.0, 2.0, 0.0, 1.0, 0.0, 0.0, 0.0, 2.0, 0.0, 3.0, 0.0, 1.0, 1.0, 0.0, 0.0, 0.0, 0.0, 0.0, 0.0, 2.0, 1.0, 2.0, 1.0, 0.0, 0.0, 0.0, 1.0], "bins": [-0.059653908014297485, -0.057721097022295, -0.05578828603029251, -0.053855475038290024, -0.05192266404628754, -0.04998985305428505, -0.04805704206228256, -0.046124231070280075, -0.04419142007827759, -0.0422586090862751, -0.040325798094272614, -0.038392987102270126, -0.03646017611026764, -0.03452736511826515, -0.032594554126262665, -0.030661743134260178, -0.02872893400490284, -0.026796123012900352, -0.024863312020897865, -0.022930501028895378, -0.02099769003689289, -0.019064880907535553, -0.017132069915533066, -0.015199257992208004, -0.013266447931528091, -0.011333636939525604, -0.009400825947523117, -0.007468015421181917, -0.00553520442917943, -0.00360239390283823, -0.001669582910835743, 0.00026322808116674423, 0.002196040004491806, 0.004128850996494293, 0.00606166198849678, 0.007994472980499268, 0.009927283972501755, 0.011860094033181667, 0.013792905025184155, 0.015725716948509216, 0.017658527940511703, 0.01959133893251419, 0.021524149924516678, 0.023456960916519165, 0.025389771908521652, 0.02732258290052414, 0.029255393892526627, 0.031188204884529114, 0.0331210121512413, 0.03505382314324379, 0.03698663413524628, 0.038919445127248764, 0.04085225611925125, 0.04278506711125374, 0.044717878103256226, 0.04665068909525871, 0.0485835000872612, 0.05051631107926369, 0.052449122071266174, 0.05438193306326866, 0.05631474405527115, 0.058247555047273636, 0.06018036603927612, 0.06211317703127861, 0.0640459880232811]}, "gradients/net.0.bias": {"_type": "histogram", "values": [1.0, 0.0, 0.0, 0.0, 0.0, 0.0, 0.0, 0.0, 0.0, 0.0, 0.0, 0.0, 0.0, 0.0, 2.0, 2.0, 0.0, 0.0, 1.0, 15.0, 23.0, 8.0, 4.0, 1.0, 1.0, 2.0, 0.0, 0.0, 0.0, 0.0, 0.0, 0.0, 0.0, 0.0, 0.0, 0.0, 0.0, 0.0, 1.0, 0.0, 1.0, 0.0, 0.0, 0.0, 0.0, 0.0, 0.0, 0.0, 0.0, 0.0, 0.0, 0.0, 0.0, 0.0, 1.0, 0.0, 0.0, 0.0, 0.0, 0.0, 0.0, 0.0, 0.0, 1.0], "bins": [-0.031021755188703537, -0.029532430693507195, -0.028043106198310852, -0.02655378356575966, -0.025064457207918167, -0.023575134575366974, -0.02208581008017063, -0.02059648558497429, -0.019107161089777946, -0.017617836594581604, -0.01612851209938526, -0.014639188535511494, -0.013149864040315151, -0.011660539545118809, -0.010171215981245041, -0.008681891486048698, -0.007192566990852356, -0.0057032424956560135, -0.004213918466120958, -0.002724594436585903, -0.0012352699413895607, 0.00025405455380678177, 0.0017433781176805496, 0.003232702612876892, 0.004722025245428085, 0.006211349740624428, 0.007700673770159483, 0.009189997799694538, 0.01067932229489088, 0.012168646790087223, 0.013657970353960991, 0.015147294849157333, 0.016636617481708527, 0.01812594197690487, 0.01961526647210121, 0.021104589104652405, 0.022593915462493896, 0.02408323809504509, 0.025572562590241432, 0.027061887085437775, 0.028551213443279266, 0.03004053793847561, 0.03152986243367195, 0.033019185066223145, 0.034508511424064636, 0.03599783405661583, 0.03748715668916702, 0.038976483047008514, 0.04046580567955971, 0.0419551283121109, 0.04344445466995239, 0.044933777302503586, 0.04642310366034508, 0.04791242629289627, 0.04940175265073776, 0.050891075283288956, 0.05238039791584015, 0.05386972054839134, 0.055359046906232834, 0.05684836953878403, 0.05833769589662552, 0.05982701852917671, 0.061316341161727905, 0.0628056675195694, 0.06429499387741089]}, "gradients/net.0.weight": {"_type": "histogram", "values": [1.0, 0.0, 0.0, 0.0, 0.0, 0.0, 1.0, 1.0, 0.0, 0.0, 1.0, 0.0, 0.0, 0.0, 0.0, 0.0, 0.0, 0.0, 0.0, 0.0, 0.0, 0.0, 0.0, 0.0, 0.0, 0.0, 0.0, 0.0, 2.0, 0.0, 0.0, 0.0, 0.0, 1.0, 1.0, 0.0, 4.0, 6.0, 41.0, 159.0, 27.0, 0.0, 0.0, 2.0, 0.0, 0.0, 1.0, 0.0, 1.0, 0.0, 1.0, 1.0, 1.0, 1.0, 1.0, 0.0, 0.0, 0.0, 0.0, 1.0, 0.0, 0.0, 0.0, 1.0], "bins": [-0.11904415488243103, -0.11601206660270691, -0.11297998577356339, -0.10994789749383926, -0.10691580921411514, -0.10388372838497162, -0.1008516401052475, -0.09781955182552338, -0.09478746354579926, -0.09175537526607513, -0.08872329443693161, -0.08569120615720749, -0.08265911787748337, -0.07962703704833984, -0.07659494876861572, -0.0735628604888916, -0.07053077965974808, -0.06749869138002396, -0.06446661055088043, -0.06143452227115631, -0.05840243399143219, -0.05537034943699837, -0.052338264882564545, -0.049306176602840424, -0.0462740957736969, -0.04324201121926308, -0.040209922939538956, -0.03717783838510513, -0.03414575010538101, -0.03111366555094719, -0.028081580996513367, -0.025049494579434395, -0.022017396986484528, -0.018985310569405556, -0.015953224152326584, -0.012921139597892761, -0.00988905318081379, -0.0068569667637348175, -0.003824882209300995, -0.000792795792222023, 0.0022392943501472473, 0.005271380301564932, 0.008303466252982616, 0.011335551738739014, 0.014367638155817986, 0.017399724572896957, 0.02043180912733078, 0.023463895544409752, 0.026495978236198425, 0.029528064653277397, 0.03256015107035637, 0.03559223562479019, 0.03862432390451431, 0.041656408458948135, 0.04468849301338196, 0.04772058129310608, 0.0507526658475399, 0.053784750401973724, 0.056816838681697845, 0.05984892323613167, 0.06288100779056549, 0.06591309607028961, 0.06894518435001373, 0.07197726517915726, 0.07500935345888138]}, "loss": 0.029405131936073303, "episode_reward": 113.0, "average_reward": 102.42, "epsilon_greedy": 0.05, "_runtime": 59, "_timestamp": 1642183090, "_step": 4, "_wandb": {"runtime": 57}}