{"gradients/net.2.bias": {"_type": "histogram", "values": [1.0, 0.0, 0.0, 0.0, 0.0, 0.0, 0.0, 0.0, 0.0, 0.0, 0.0, 0.0, 0.0, 0.0, 0.0, 0.0, 0.0, 0.0, 0.0, 0.0, 0.0, 0.0, 0.0, 0.0, 0.0, 0.0, 0.0, 0.0, 0.0, 0.0, 0.0, 0.0, 0.0, 0.0, 0.0, 0.0, 0.0, 0.0, 0.0, 0.0, 0.0, 0.0, 0.0, 0.0, 0.0, 0.0, 0.0, 0.0, 0.0, 0.0, 0.0, 0.0, 0.0, 0.0, 0.0, 0.0, 0.0, 0.0, 0.0, 0.0, 0.0, 0.0, 0.0, 1.0], "bins": [-0.09488484263420105, -0.09299775213003159, -0.09111065417528152, -0.08922356367111206, -0.0873364731669426, -0.08544937521219254, -0.08356228470802307, -0.08167519420385361, -0.07978809624910355, -0.07790100574493408, -0.07601390779018402, -0.07412681728601456, -0.07223972678184509, -0.07035262882709503, -0.06846553832292557, -0.0665784478187561, -0.06469135731458664, -0.06280426681041718, -0.06091717258095741, -0.05903007835149765, -0.05714298412203789, -0.05525589361786842, -0.05336879938840866, -0.0514817088842392, -0.049594610929489136, -0.04770751670002937, -0.04582042619585991, -0.043933331966400146, -0.042046237736940384, -0.04015914723277092, -0.03827205300331116, -0.03638496249914169, -0.03449786826968193, -0.03261077404022217, -0.030723681673407555, -0.02883658930659294, -0.026949496939778328, -0.025062404572963715, -0.023175310343503952, -0.02128821797668934, -0.019401125609874725, -0.017514033243060112, -0.01562693901360035, -0.013739846646785736, -0.011852754279971123, -0.009965660981833935, -0.008078567683696747, -0.0061914753168821335, -0.004304381087422371, -0.0024172882549464703, -0.000530195189639926, 0.0013568978756666183, 0.003243990708142519, 0.00513108354061842, 0.007018176838755608, 0.008905269205570221, 0.010792362503707409, 0.012679455801844597, 0.01456654816865921, 0.016453642398118973, 0.018340734764933586, 0.0202278271317482, 0.022114921361207962, 0.024002011865377426, 0.02588910609483719]}, "gradients/net.2.weight": {"_type": "histogram", "values": [1.0, 0.0, 0.0, 0.0, 0.0, 0.0, 0.0, 0.0, 0.0, 0.0, 0.0, 1.0, 1.0, 1.0, 1.0, 1.0, 0.0, 0.0, 1.0, 2.0, 2.0, 7.0, 1.0, 19.0, 24.0, 32.0, 9.0, 9.0, 4.0, 3.0, 3.0, 1.0, 0.0, 1.0, 0.0, 1.0, 0.0, 0.0, 0.0, 0.0, 0.0, 0.0, 0.0, 0.0, 0.0, 0.0, 0.0, 0.0, 1.0, 0.0, 0.0, 0.0, 0.0, 0.0, 1.0, 0.0, 0.0, 0.0, 0.0, 0.0, 0.0, 0.0, 0.0, 1.0], "bins": [-0.06046033650636673, -0.05803408473730087, -0.055607832968235016, -0.05318158119916916, -0.0507553331553936, -0.048329081386327744, -0.04590282961726189, -0.04347658157348633, -0.04105032980442047, -0.038624078035354614, -0.03619782626628876, -0.0337715744972229, -0.03134532645344734, -0.028919074684381485, -0.026492822915315628, -0.02406657300889492, -0.021640319377183914, -0.019214067608118057, -0.01678781770169735, -0.014361565932631493, -0.01193531509488821, -0.009509064257144928, -0.007082812488079071, -0.004656562581658363, -0.002230308949947357, 0.0001959421206265688, 0.0026221931912004948, 0.005048444494605064, 0.007474695332348347, 0.009900946170091629, 0.012327197939157486, 0.014753447845578194, 0.0171796977519989, 0.01960594952106476, 0.022032199427485466, 0.024458451196551323, 0.02688470110297203, 0.029310952872037888, 0.031737204641103745, 0.0341634526848793, 0.03658970445394516, 0.03901595622301102, 0.041442207992076874, 0.04386845976114273, 0.04629470780491829, 0.048720959573984146, 0.05114721134305, 0.05357345938682556, 0.05599971488118172, 0.058425966650247574, 0.06085221841931343, 0.06327846646308899, 0.06570471823215485, 0.0681309700012207, 0.07055722177028656, 0.07298347353935242, 0.07540972530841827, 0.07783597707748413, 0.08026222884654999, 0.08268848061561584, 0.0851147323846817, 0.08754098415374756, 0.08996723592281342, 0.09239348024129868, 0.09481973201036453]}, "gradients/net.0.bias": {"_type": "histogram", "values": [1.0, 0.0, 0.0, 1.0, 0.0, 0.0, 0.0, 0.0, 0.0, 0.0, 0.0, 1.0, 0.0, 0.0, 1.0, 1.0, 0.0, 3.0, 4.0, 4.0, 7.0, 2.0, 8.0, 5.0, 10.0, 2.0, 4.0, 2.0, 1.0, 1.0, 2.0, 1.0, 0.0, 2.0, 0.0, 0.0, 0.0, 0.0, 0.0, 0.0, 0.0, 0.0, 0.0, 0.0, 0.0, 0.0, 0.0, 0.0, 0.0, 0.0, 0.0, 0.0, 0.0, 0.0, 0.0, 0.0, 0.0, 0.0, 0.0, 0.0, 0.0, 0.0, 0.0, 1.0], "bins": [-0.010821704752743244, -0.010342841036617756, -0.009863976389169693, -0.009385112673044205, -0.008906248956918716, -0.008427384309470654, -0.007948520593345165, -0.00746965641155839, -0.006990792229771614, -0.0065119280479848385, -0.006033063866198063, -0.005554200150072575, -0.005075335968285799, -0.0045964717864990234, -0.004117608070373535, -0.0036387438885867596, -0.003159879706799984, -0.0026810155250132084, -0.0022021515760570765, -0.0017232875106856227, -0.001244423445314169, -0.0007655592635273933, -0.0002866953145712614, 0.00019216863438487053, 0.0006710328161716461, 0.0011498968815430999, 0.0016287609469145536, 0.0021076248958706856, 0.002586489077657461, 0.0030653532594442368, 0.0035442172084003687, 0.004023081157356501, 0.004501946270465851, 0.004980810452252626, 0.005459674634039402, 0.00593853835016489, 0.006417402531951666, 0.0068962667137384415, 0.00737513042986393, 0.007853994145989418, 0.008332858793437481, 0.00881172250956297, 0.009290587157011032, 0.00976945087313652, 0.010248314589262009, 0.010727179236710072, 0.01120604295283556, 0.011684907600283623, 0.012163771316409111, 0.0126426350325346, 0.013121499679982662, 0.01360036339610815, 0.014079228043556213, 0.014558091759681702, 0.01503695547580719, 0.015515819191932678, 0.015994682908058167, 0.016473546624183655, 0.016952410340309143, 0.01743127591907978, 0.01791013963520527, 0.018389003351330757, 0.018867867067456245, 0.019346730783581734, 0.01982559636235237]}, "gradients/net.0.weight": {"_type": "histogram", "values": [1.0, 0.0, 0.0, 0.0, 0.0, 0.0, 0.0, 0.0, 0.0, 0.0, 0.0, 0.0, 0.0, 0.0, 0.0, 0.0, 0.0, 0.0, 0.0, 0.0, 0.0, 0.0, 0.0, 0.0, 0.0, 0.0, 0.0, 0.0, 0.0, 0.0, 0.0, 1.0, 0.0, 0.0, 0.0, 0.0, 0.0, 0.0, 2.0, 23.0, 215.0, 13.0, 0.0, 0.0, 0.0, 0.0, 0.0, 0.0, 0.0, 0.0, 0.0, 0.0, 0.0, 0.0, 0.0, 0.0, 0.0, 0.0, 0.0, 0.0, 0.0, 0.0, 0.0, 1.0], "bins": [-0.24314375221729279, -0.2371279001235962, -0.2311120629310608, -0.2250962108373642, -0.2190803587436676, -0.2130645215511322, -0.2070486694574356, -0.201032817363739, -0.1950169801712036, -0.18900112807750702, -0.18298529088497162, -0.17696943879127502, -0.17095360159873962, -0.16493774950504303, -0.15892189741134644, -0.15290606021881104, -0.14689020812511444, -0.14087435603141785, -0.13485851883888245, -0.12884266674518585, -0.12282682210206985, -0.11681097745895386, -0.11079512536525726, -0.10477928072214127, -0.09876343607902527, -0.09274759143590927, -0.08673174679279327, -0.08071589469909668, -0.07470005005598068, -0.06868420541286469, -0.06266835331916809, -0.056652508676052094, -0.050636664032936096, -0.0446208193898201, -0.0386049710214138, -0.03258912265300751, -0.02657327800989151, -0.020557431504130363, -0.014541584998369217, -0.008525736629962921, -0.002509891986846924, 0.0035059545189142227, 0.00952180102467537, 0.015537647530436516, 0.021553494036197662, 0.02756934054195881, 0.033585187047719955, 0.03960103541612625, 0.04561688005924225, 0.051632724702358246, 0.05764857307076454, 0.06366442143917084, 0.06968026608228683, 0.07569611072540283, 0.08171196281909943, 0.08772780746221542, 0.09374365210533142, 0.09975949674844742, 0.10577534139156342, 0.11179119348526001, 0.11780703812837601, 0.123822882771492, 0.1298387348651886, 0.135854572057724, 0.1418704241514206]}, "loss": 0.04055548831820488, "episode_reward": 14.0, "average_reward": 28.92, "epsilon_greedy": 0.6199050000001751, "_runtime": 17, "_timestamp": 1642182738, "_step": 4, "_wandb": {"runtime": 15}}