{"gradients/net.2.bias": {"_type": "histogram", "values": [1.0, 0.0, 0.0, 0.0, 0.0, 0.0, 0.0, 0.0, 0.0, 0.0, 0.0, 0.0, 0.0, 0.0, 0.0, 0.0, 0.0, 0.0, 0.0, 0.0, 0.0, 0.0, 0.0, 0.0, 0.0, 0.0, 0.0, 0.0, 0.0, 0.0, 0.0, 0.0, 0.0, 0.0, 0.0, 0.0, 0.0, 0.0, 0.0, 0.0, 0.0, 0.0, 0.0, 0.0, 0.0, 0.0, 0.0, 0.0, 0.0, 0.0, 0.0, 0.0, 0.0, 0.0, 0.0, 0.0, 0.0, 0.0, 0.0, 0.0, 0.0, 0.0, 0.0, 1.0], "bins": [-0.10365746915340424, -0.10235267132520676, -0.10104786604642868, -0.0997430682182312, -0.09843826293945312, -0.09713346511125565, -0.09582865983247757, -0.09452386200428009, -0.09321905672550201, -0.09191425889730453, -0.09060945361852646, -0.08930465579032898, -0.0879998505115509, -0.08669505268335342, -0.08539024740457535, -0.08408544957637787, -0.08278064429759979, -0.08147584646940231, -0.08017104119062424, -0.07886624336242676, -0.07756143808364868, -0.0762566402554512, -0.07495183497667313, -0.07364703714847565, -0.07234223186969757, -0.07103743404150009, -0.06973262876272202, -0.06842783093452454, -0.06712302565574646, -0.06581822782754898, -0.0645134225487709, -0.06320862472057343, -0.06190382316708565, -0.06059902161359787, -0.05929422006011009, -0.057989418506622314, -0.05668461695313454, -0.05537981539964676, -0.05407501384615898, -0.052770212292671204, -0.051465410739183426, -0.05016060918569565, -0.04885580763220787, -0.04755100607872009, -0.046246204525232315, -0.04494140297174454, -0.04363660141825676, -0.04233179986476898, -0.0410270020365715, -0.039722200483083725, -0.03841739892959595, -0.03711259737610817, -0.03580779582262039, -0.034502994269132614, -0.033198192715644836, -0.03189339116215706, -0.03058858960866928, -0.029283788055181503, -0.027978986501693726, -0.026674184948205948, -0.02536938339471817, -0.024064581841230392, -0.022759780287742615, -0.021454978734254837, -0.02015017718076706]}, "gradients/net.2.weight": {"_type": "histogram", "values": [1.0, 0.0, 0.0, 0.0, 0.0, 0.0, 0.0, 0.0, 1.0, 0.0, 0.0, 1.0, 3.0, 2.0, 1.0, 4.0, 12.0, 66.0, 21.0, 2.0, 4.0, 3.0, 1.0, 0.0, 0.0, 1.0, 1.0, 0.0, 0.0, 0.0, 0.0, 0.0, 1.0, 0.0, 0.0, 0.0, 0.0, 0.0, 0.0, 0.0, 0.0, 1.0, 0.0, 0.0, 0.0, 0.0, 0.0, 0.0, 0.0, 0.0, 0.0, 0.0, 0.0, 0.0, 0.0, 0.0, 0.0, 0.0, 0.0, 0.0, 1.0, 0.0, 0.0, 1.0], "bins": [-0.03858015686273575, -0.03640016168355942, -0.03422016650438309, -0.03204016759991646, -0.029860172420740128, -0.027680177241563797, -0.025500180199742317, -0.023320183157920837, -0.021140187978744507, -0.018960192799568176, -0.016780195757746696, -0.014600199647247791, -0.012420203536748886, -0.010240207426249981, -0.008060211315751076, -0.0058802152052521706, -0.0037002190947532654, -0.0015202229842543602, 0.000659773126244545, 0.00283976923674345, 0.005019765347242355, 0.0071997614577412605, 0.009379757568240166, 0.011559753678739071, 0.013739749789237976, 0.015919744968414307, 0.018099742010235786, 0.020279739052057266, 0.022459734231233597, 0.024639729410409927, 0.026819726452231407, 0.028999723494052887, 0.031179726123809814, 0.033359721302986145, 0.035539716482162476, 0.037719715386629105, 0.039899710565805435, 0.042079705744981766, 0.044259704649448395, 0.046439699828624725, 0.048619695007801056, 0.050799690186977386, 0.05297968536615372, 0.055159684270620346, 0.05733967944979668, 0.05951967462897301, 0.061699673533439636, 0.06387966871261597, 0.0660596638917923, 0.06823965907096863, 0.07041965425014496, 0.07259964942932129, 0.07477964460849762, 0.07695964723825455, 0.07913964241743088, 0.08131963759660721, 0.08349963277578354, 0.08567962795495987, 0.0878596231341362, 0.09003961831331253, 0.09221962094306946, 0.09439961612224579, 0.09657961130142212, 0.09875960648059845, 0.10093960165977478]}, "gradients/net.0.bias": {"_type": "histogram", "values": [1.0, 1.0, 0.0, 1.0, 4.0, 1.0, 1.0, 1.0, 7.0, 9.0, 14.0, 3.0, 5.0, 1.0, 1.0, 3.0, 1.0, 1.0, 0.0, 4.0, 0.0, 1.0, 0.0, 0.0, 1.0, 0.0, 0.0, 0.0, 0.0, 0.0, 1.0, 1.0, 0.0, 0.0, 0.0, 0.0, 0.0, 0.0, 0.0, 0.0, 0.0, 0.0, 0.0, 0.0, 0.0, 0.0, 0.0, 0.0, 0.0, 0.0, 0.0, 0.0, 0.0, 0.0, 0.0, 0.0, 0.0, 0.0, 0.0, 0.0, 0.0, 0.0, 0.0, 1.0], "bins": [-0.012924786657094955, -0.011645189486443996, -0.010365592315793037, -0.009085996076464653, -0.007806398905813694, -0.006526801735162735, -0.005247205030173063, -0.003967608325183392, -0.0026880111545324326, -0.0014084142167121172, -0.00012881727889180183, 0.0011507796589285135, 0.002430376596748829, 0.003709973767399788, 0.00498957047238946, 0.006269167177379131, 0.00754876434803009, 0.00882836151868105, 0.010107958689332008, 0.011387554928660393, 0.012667152099311352, 0.01394674926996231, 0.015226345509290695, 0.01650594174861908, 0.017785539850592613, 0.019065136089920998, 0.02034473419189453, 0.021624330431222916, 0.0229039266705513, 0.024183524772524834, 0.025463121011853218, 0.02674271911382675, 0.028022319078445435, 0.02930191531777382, 0.030581513419747353, 0.031861111521720886, 0.03314070776104927, 0.034420304000377655, 0.03569990023970604, 0.036979496479034424, 0.03825909644365311, 0.03953869268298149, 0.040818288922309875, 0.04209788888692856, 0.04337748512625694, 0.04465708136558533, 0.04593667760491371, 0.047216273844242096, 0.04849587008357048, 0.049775466322898865, 0.05105506256222725, 0.05233466252684593, 0.053614258766174316, 0.0548938550055027, 0.056173451244831085, 0.05745304748415947, 0.058732643723487854, 0.06001223996281624, 0.06129183620214462, 0.0625714361667633, 0.06385102868080139, 0.06513062864542007, 0.06641022861003876, 0.06768982112407684, 0.06896942108869553]}, "gradients/net.0.weight": {"_type": "histogram", "values": [1.0, 0.0, 0.0, 0.0, 0.0, 0.0, 0.0, 0.0, 0.0, 0.0, 0.0, 0.0, 0.0, 0.0, 0.0, 0.0, 0.0, 0.0, 0.0, 0.0, 0.0, 0.0, 0.0, 0.0, 0.0, 0.0, 0.0, 0.0, 0.0, 0.0, 0.0, 0.0, 0.0, 0.0, 0.0, 0.0, 0.0, 0.0, 0.0, 0.0, 1.0, 0.0, 0.0, 1.0, 6.0, 123.0, 110.0, 8.0, 3.0, 1.0, 0.0, 0.0, 1.0, 0.0, 0.0, 0.0, 0.0, 0.0, 0.0, 0.0, 0.0, 0.0, 0.0, 1.0], "bins": [-0.07899150997400284, -0.07727433741092682, -0.0755571648478508, -0.07383999228477478, -0.07212281972169876, -0.07040564715862274, -0.06868847459554672, -0.0669713020324707, -0.06525412946939468, -0.06353695690631866, -0.061819784343242645, -0.060102611780166626, -0.05838543921709061, -0.05666826665401459, -0.05495109409093857, -0.05323392152786255, -0.05151674896478653, -0.04979957640171051, -0.04808240383863449, -0.04636523127555847, -0.04464805871248245, -0.04293088614940643, -0.041213713586330414, -0.039496541023254395, -0.03777936473488808, -0.03606219217181206, -0.03434501960873604, -0.03262784704566002, -0.030910674482584, -0.02919350191950798, -0.02747632935643196, -0.025759156793355942, -0.024041984230279922, -0.022324811667203903, -0.020607639104127884, -0.018890466541051865, -0.017173293977975845, -0.015456120483577251, -0.013738947920501232, -0.012021775357425213, -0.010304603725671768, -0.008587431162595749, -0.00687025859951973, -0.005153085570782423, -0.0034359130077064037, -0.0017187399789690971, -1.5674158930778503e-06, 0.0017156051471829414, 0.0034327786415815353, 0.005149951204657555, 0.006867123767733574, 0.008584296330809593, 0.010301468893885612, 0.012018642388284206, 0.013735814951360226, 0.015452987514436245, 0.01717016100883484, 0.018887333571910858, 0.020604506134986877, 0.022321678698062897, 0.024038851261138916, 0.025756023824214935, 0.027473196387290955, 0.029190368950366974, 0.030907541513442993]}, "loss": 0.03516676649451256, "episode_reward": 55.0, "average_reward": 21.53, "epsilon_greedy": 0.923981000000035, "_runtime": 12, "_timestamp": 1642182876, "_step": 4, "_wandb": {"runtime": 10}}