{"gradients/net.2.bias": {"_type": "histogram", "values": [1.0, 0.0, 0.0, 0.0, 0.0, 0.0, 0.0, 0.0, 0.0, 0.0, 0.0, 0.0, 0.0, 0.0, 0.0, 0.0, 0.0, 0.0, 0.0, 0.0, 0.0, 0.0, 0.0, 0.0, 0.0, 0.0, 0.0, 0.0, 0.0, 0.0, 0.0, 0.0, 0.0, 0.0, 0.0, 0.0, 0.0, 0.0, 0.0, 0.0, 0.0, 0.0, 0.0, 0.0, 0.0, 0.0, 0.0, 0.0, 0.0, 0.0, 0.0, 0.0, 0.0, 0.0, 0.0, 0.0, 0.0, 0.0, 0.0, 0.0, 0.0, 0.0, 0.0, 1.0], "bins": [0.04842385649681091, 0.04877639189362526, 0.049128927290439606, 0.04948146268725395, 0.0498339980840683, 0.050186533480882645, 0.05053906515240669, 0.05089160054922104, 0.051244135946035385, 0.05159667134284973, 0.05194920673966408, 0.052301742136478424, 0.05265427753329277, 0.05300681293010712, 0.053359344601631165, 0.05371187999844551, 0.05406441539525986, 0.054416950792074203, 0.05476948618888855, 0.055122021585702896, 0.05547455698251724, 0.05582709237933159, 0.05617962405085564, 0.05653215944766998, 0.05688469856977463, 0.057237233966588974, 0.05758976936340332, 0.05794230476021767, 0.05829484015703201, 0.05864737555384636, 0.05899990722537041, 0.05935244262218475, 0.0597049780189991, 0.060057513415813446, 0.06041004881262779, 0.06076258420944214, 0.061115119606256485, 0.06146765500307083, 0.06182018667459488, 0.062172722071409225, 0.06252525746822357, 0.06287778913974762, 0.06323032826185226, 0.06358285993337631, 0.06393539905548096, 0.064287930727005, 0.06464046984910965, 0.0649930015206337, 0.06534554064273834, 0.06569807231426239, 0.06605061143636703, 0.06640314310789108, 0.06675568222999573, 0.06710821390151978, 0.06746075302362442, 0.06781328469514847, 0.06816581636667252, 0.06851834803819656, 0.06887088716030121, 0.06922341883182526, 0.0695759579539299, 0.06992848962545395, 0.0702810287475586, 0.07063356041908264, 0.07098609954118729]}, "gradients/net.2.weight": {"_type": "histogram", "values": [1.0, 0.0, 0.0, 0.0, 0.0, 0.0, 0.0, 0.0, 0.0, 1.0, 0.0, 1.0, 0.0, 0.0, 0.0, 0.0, 0.0, 0.0, 0.0, 0.0, 0.0, 0.0, 0.0, 0.0, 0.0, 0.0, 0.0, 1.0, 0.0, 0.0, 0.0, 0.0, 1.0, 2.0, 3.0, 8.0, 40.0, 37.0, 27.0, 1.0, 1.0, 0.0, 0.0, 0.0, 0.0, 0.0, 0.0, 0.0, 0.0, 0.0, 0.0, 0.0, 0.0, 1.0, 0.0, 0.0, 0.0, 0.0, 0.0, 0.0, 0.0, 0.0, 2.0, 1.0], "bins": [-0.06985719501972198, -0.06797660887241364, -0.06609602272510529, -0.06421543657779694, -0.06233484670519829, -0.06045425683259964, -0.05857367068529129, -0.05669308453798294, -0.05481249839067459, -0.05293191224336624, -0.05105132237076759, -0.049170736223459244, -0.047290150076150894, -0.045409560203552246, -0.043528974056243896, -0.04164838790893555, -0.0397677980363369, -0.03788721188902855, -0.0360066220164299, -0.03412603586912155, -0.0322454497218132, -0.030364861711859703, -0.028484273701906204, -0.026603687554597855, -0.024723097681999207, -0.022842509672045708, -0.020961923524737358, -0.01908133551478386, -0.01720074936747551, -0.01532016135752201, -0.013439573347568512, -0.011558986268937588, -0.009678401052951813, -0.0077978139743208885, -0.005917226430028677, -0.0040366388857364655, -0.0021560518071055412, -0.000275464728474617, 0.0016051232814788818, 0.003485710360109806, 0.005366295576095581, 0.007246882654726505, 0.00912746973335743, 0.011008057743310928, 0.012888644821941853, 0.014769231900572777, 0.016649819910526276, 0.018530406057834625, 0.020410995930433273, 0.022291583940386772, 0.024172170087695122, 0.02605275809764862, 0.02793334424495697, 0.02981393225491047, 0.03169452026486397, 0.03357510641217232, 0.035455696284770966, 0.037336282432079315, 0.03921687230467796, 0.04109745845198631, 0.04297804459929466, 0.04485863447189331, 0.04673922061920166, 0.04861980676651001, 0.05050039291381836]}, "gradients/net.0.bias": {"_type": "histogram", "values": [1.0, 1.0, 0.0, 1.0, 0.0, 1.0, 0.0, 2.0, 0.0, 0.0, 1.0, 0.0, 2.0, 6.0, 15.0, 5.0, 11.0, 4.0, 5.0, 4.0, 0.0, 1.0, 0.0, 1.0, 0.0, 1.0, 0.0, 0.0, 0.0, 0.0, 0.0, 0.0, 0.0, 0.0, 0.0, 0.0, 0.0, 0.0, 0.0, 0.0, 0.0, 0.0, 0.0, 0.0, 0.0, 0.0, 0.0, 0.0, 0.0, 0.0, 0.0, 1.0, 0.0, 0.0, 0.0, 0.0, 0.0, 0.0, 0.0, 0.0, 0.0, 0.0, 0.0, 1.0], "bins": [-0.0075742462649941444, -0.007099904585629702, -0.006625563371926546, -0.006151221692562103, -0.005676880478858948, -0.005202538799494505, -0.004728197120130062, -0.004253855906426907, -0.0037795142270624638, -0.0033051727805286646, -0.0028308313339948654, -0.0023564896546304226, -0.0018821482080966234, -0.0014078067615628242, -0.0009334650821983814, -0.00045912363566458225, 1.5217810869216919e-05, 0.000489559315610677, 0.0009639008203521371, 0.001438242383301258, 0.0019125838298350573, 0.0023869252763688564, 0.0028612669557332993, 0.0033356084022670984, 0.003809950314462185, 0.004284291993826628, 0.004758633207529783, 0.005232974886894226, 0.005707316100597382, 0.006181657779961824, 0.006655999459326267, 0.007130340673029423, 0.007604682818055153, 0.008079024031758308, 0.008553366176784039, 0.009027707390487194, 0.00950204860419035, 0.00997639074921608, 0.010450731962919235, 0.01092507317662239, 0.011399414390325546, 0.011873755604028702, 0.012348097749054432, 0.012822438962757587, 0.013296780176460743, 0.013771122321486473, 0.014245463535189629, 0.014719804748892784, 0.015194146893918514, 0.015668489038944244, 0.0161428302526474, 0.016617171466350555, 0.01709151268005371, 0.017565853893756866, 0.018040195107460022, 0.018514538183808327, 0.018988879397511482, 0.019463220611214638, 0.019937561824917793, 0.020411904901266098, 0.020886246114969254, 0.02136058732867241, 0.021834928542375565, 0.02230926975607872, 0.022783610969781876]}, "gradients/net.0.weight": {"_type": "histogram", "values": [1.0, 0.0, 0.0, 0.0, 1.0, 0.0, 0.0, 0.0, 1.0, 0.0, 0.0, 0.0, 0.0, 2.0, 0.0, 0.0, 2.0, 2.0, 14.0, 142.0, 67.0, 8.0, 6.0, 4.0, 1.0, 2.0, 1.0, 0.0, 0.0, 0.0, 0.0, 0.0, 0.0, 0.0, 0.0, 0.0, 1.0, 0.0, 0.0, 0.0, 0.0, 0.0, 0.0, 0.0, 0.0, 0.0, 0.0, 0.0, 0.0, 0.0, 0.0, 0.0, 0.0, 0.0, 0.0, 0.0, 0.0, 0.0, 0.0, 0.0, 0.0, 0.0, 0.0, 1.0], "bins": [-0.009231097996234894, -0.008767382241785526, -0.008303666487336159, -0.007839950732886791, -0.007376234978437424, -0.006912519223988056, -0.006448803003877401, -0.005985087249428034, -0.005521371494978666, -0.005057655740529299, -0.004593939986079931, -0.004130223765969276, -0.0036665082443505526, -0.003202792489901185, -0.002739076502621174, -0.0022753607481718063, -0.0018116449937224388, -0.0013479292392730713, -0.0008842133684083819, -0.0004204974975436926, 4.3218256905674934e-05, 0.0005069340113550425, 0.0009706499986350536, 0.0014343657530844212, 0.001898081973195076, 0.0023617977276444435, 0.002825513482093811, 0.003289229469373822, 0.0037529452238231897, 0.004216660745441914, 0.0046803769655525684, 0.005144092720001936, 0.005607808008790016, 0.006071523763239384, 0.006535239517688751, 0.006998955272138119, 0.007462671026587486, 0.007926386781036854, 0.008390102535486221, 0.008853819221258163, 0.009317534044384956, 0.009781249798834324, 0.010244965553283691, 0.010708681307733059, 0.011172397062182426, 0.011636112816631794, 0.012099828571081161, 0.012563545256853104, 0.013027261011302471, 0.013490976765751839, 0.013954692520201206, 0.014418408274650574, 0.014882124029099941, 0.015345839783549309, 0.01580955646932125, 0.016273271292448044, 0.016736987978219986, 0.017200704663991928, 0.01766441948711872, 0.018128136172890663, 0.018591850996017456, 0.019055567681789398, 0.01951928250491619, 0.019982999190688133, 0.020446714013814926]}, "loss": 0.012215247377753258, "episode_reward": 14.0, "average_reward": 23.88, "epsilon_greedy": 0.873301666666725, "_runtime": 12, "_timestamp": 1642182856, "_step": 4, "_wandb": {"runtime": 10}}