{"gradients/net.2.bias": {"_type": "histogram", "values": [1.0, 0.0, 0.0, 0.0, 0.0, 0.0, 0.0, 0.0, 0.0, 0.0, 0.0, 0.0, 0.0, 0.0, 0.0, 0.0, 0.0, 0.0, 0.0, 0.0, 0.0, 0.0, 0.0, 0.0, 0.0, 0.0, 0.0, 0.0, 0.0, 0.0, 0.0, 0.0, 0.0, 0.0, 0.0, 0.0, 0.0, 0.0, 0.0, 0.0, 0.0, 0.0, 0.0, 0.0, 0.0, 0.0, 0.0, 0.0, 0.0, 0.0, 0.0, 0.0, 0.0, 0.0, 0.0, 0.0, 0.0, 0.0, 0.0, 0.0, 0.0, 0.0, 0.0, 1.0], "bins": [-0.22769396007061005, -0.22422972321510315, -0.22076548635959625, -0.21730124950408936, -0.21383701264858246, -0.21037277579307556, -0.20690852403640747, -0.20344428718090057, -0.19998005032539368, -0.19651581346988678, -0.19305157661437988, -0.18958733975887299, -0.1861231029033661, -0.182658851146698, -0.1791946142911911, -0.1757303774356842, -0.1722661405801773, -0.1688019037246704, -0.1653376668691635, -0.16187343001365662, -0.15840919315814972, -0.15494495630264282, -0.15148070454597473, -0.14801646769046783, -0.14455223083496094, -0.14108799397945404, -0.13762375712394714, -0.13415952026844025, -0.13069528341293335, -0.12723103165626526, -0.12376680225133896, -0.12030255794525146, -0.11683832854032516, -0.11337409168481827, -0.10990985482931137, -0.10644561052322388, -0.10298137366771698, -0.09951713681221008, -0.09605289995670319, -0.09258866310119629, -0.0891244187951088, -0.0856601819396019, -0.082195945084095, -0.07873170077800751, -0.07526746392250061, -0.07180322706699371, -0.06833899021148682, -0.06487475335597992, -0.061410512775182724, -0.05794627591967583, -0.05448203533887863, -0.051017798483371735, -0.04755355790257454, -0.04408932104706764, -0.04062508046627045, -0.03716084361076355, -0.03369660675525665, -0.030232368037104607, -0.02676812931895256, -0.023303892463445663, -0.019839651882648468, -0.01637541502714157, -0.012911176308989525, -0.009446937590837479, -0.005982697010040283]}, "gradients/net.2.weight": {"_type": "histogram", "values": [1.0, 0.0, 0.0, 0.0, 0.0, 0.0, 0.0, 0.0, 0.0, 0.0, 0.0, 0.0, 0.0, 1.0, 0.0, 0.0, 1.0, 1.0, 3.0, 2.0, 3.0, 7.0, 22.0, 35.0, 30.0, 14.0, 2.0, 2.0, 0.0, 1.0, 0.0, 1.0, 0.0, 0.0, 0.0, 0.0, 0.0, 0.0, 0.0, 0.0, 0.0, 0.0, 0.0, 0.0, 0.0, 0.0, 0.0, 0.0, 0.0, 0.0, 0.0, 0.0, 0.0, 1.0, 0.0, 0.0, 0.0, 0.0, 0.0, 0.0, 0.0, 0.0, 0.0, 1.0], "bins": [-0.13857007026672363, -0.1326715499162674, -0.12677304446697235, -0.12087452411651611, -0.11497601121664047, -0.10907749831676483, -0.1031789779663086, -0.09728046506643295, -0.09138195216655731, -0.08548343926668167, -0.07958492636680603, -0.07368640601634979, -0.06778789311647415, -0.06188938021659851, -0.05599086359143257, -0.05009234696626663, -0.04419383406639099, -0.03829532116651535, -0.03239680454134941, -0.02649828977882862, -0.02059977501630783, -0.01470126025378704, -0.00880274549126625, -0.0029042288661003113, 0.0029942840337753296, 0.00889279879629612, 0.01479131355881691, 0.0206898283213377, 0.02658834308385849, 0.03248685598373413, 0.03838537260890007, 0.04428388923406601, 0.050182417035102844, 0.056080929934978485, 0.061979446560144424, 0.06787796318531036, 0.073776476085186, 0.07967498898506165, 0.08557350933551788, 0.09147202223539352, 0.09737053513526917, 0.1032690480351448, 0.10916756093502045, 0.11506608128547668, 0.12096459418535233, 0.12686310708522797, 0.1327616274356842, 0.13866013288497925, 0.14455865323543549, 0.15045717358589172, 0.15635567903518677, 0.162254199385643, 0.16815271973609924, 0.1740512251853943, 0.17994974553585052, 0.18584826588630676, 0.1917467713356018, 0.19764529168605804, 0.2035437971353531, 0.20944231748580933, 0.21534082293510437, 0.2212393432855606, 0.22713786363601685, 0.2330363690853119, 0.23893488943576813]}, "gradients/net.0.bias": {"_type": "histogram", "values": [1.0, 0.0, 0.0, 0.0, 0.0, 0.0, 0.0, 1.0, 0.0, 1.0, 5.0, 10.0, 11.0, 8.0, 7.0, 6.0, 5.0, 2.0, 2.0, 1.0, 0.0, 1.0, 0.0, 0.0, 0.0, 0.0, 0.0, 0.0, 0.0, 0.0, 0.0, 0.0, 1.0, 0.0, 0.0, 0.0, 0.0, 0.0, 0.0, 1.0, 0.0, 0.0, 0.0, 0.0, 0.0, 0.0, 0.0, 0.0, 0.0, 0.0, 0.0, 0.0, 0.0, 0.0, 0.0, 0.0, 0.0, 0.0, 0.0, 0.0, 0.0, 0.0, 0.0, 1.0], "bins": [-0.030963284894824028, -0.028565574437379837, -0.026167862117290497, -0.023770151659846306, -0.021372441202402115, -0.018974728882312775, -0.016577018424868584, -0.014179306104779243, -0.011781595647335052, -0.009383884258568287, -0.006986173335462809, -0.00458846241235733, -0.0021907510235905647, 0.00020696036517620087, 0.002604670822620392, 0.005002383142709732, 0.007400093600153923, 0.009797804988920689, 0.012195516377687454, 0.014593226835131645, 0.016990937292575836, 0.019388649612665176, 0.021786360070109367, 0.024184072390198708, 0.02658178098499775, 0.02897949144244194, 0.03137720376253128, 0.03377491235733032, 0.03617262467741966, 0.038570336997509, 0.040968045592308044, 0.04336576163768768, 0.045763470232486725, 0.048161182552576065, 0.05055889114737511, 0.05295660346746445, 0.05535431578755379, 0.05775202810764313, 0.06014973670244217, 0.06254744529724121, 0.06494516134262085, 0.06734286993741989, 0.06974058598279953, 0.07213829457759857, 0.07453600317239761, 0.07693371921777725, 0.0793314278125763, 0.08172914385795593, 0.08412684500217438, 0.08652455359697342, 0.08892226964235306, 0.0913199782371521, 0.09371768683195114, 0.09611540287733078, 0.09851311147212982, 0.10091082751750946, 0.1033085361123085, 0.10570624470710754, 0.10810396075248718, 0.11050166934728622, 0.11289937794208527, 0.1152970939874649, 0.11769480258226395, 0.12009251117706299, 0.12249022722244263]}, "gradients/net.0.weight": {"_type": "histogram", "values": [1.0, 0.0, 0.0, 0.0, 0.0, 0.0, 0.0, 0.0, 0.0, 0.0, 0.0, 0.0, 0.0, 0.0, 0.0, 0.0, 0.0, 0.0, 0.0, 0.0, 0.0, 0.0, 1.0, 0.0, 0.0, 0.0, 0.0, 0.0, 0.0, 0.0, 0.0, 0.0, 0.0, 1.0, 0.0, 2.0, 0.0, 4.0, 15.0, 53.0, 152.0, 16.0, 5.0, 4.0, 0.0, 0.0, 0.0, 0.0, 0.0, 0.0, 0.0, 0.0, 0.0, 0.0, 0.0, 0.0, 1.0, 0.0, 0.0, 0.0, 0.0, 0.0, 0.0, 1.0], "bins": [-0.1264065057039261, -0.1232559084892273, -0.1201053038239479, -0.11695470660924911, -0.11380410194396973, -0.11065350472927094, -0.10750290751457214, -0.10435231029987335, -0.10120170563459396, -0.09805110841989517, -0.09490050375461578, -0.09174990653991699, -0.0885993093252182, -0.08544870465993881, -0.08229810744524002, -0.07914750277996063, -0.07599690556526184, -0.07284630835056305, -0.06969570368528366, -0.06654510647058487, -0.06339450180530548, -0.06024390459060669, -0.0570933073759079, -0.05394270643591881, -0.05079210549592972, -0.04764150455594063, -0.04449090361595154, -0.04134030640125275, -0.03818970546126366, -0.03503910452127457, -0.031888507306575775, -0.028737906366586685, -0.025587305426597595, -0.022436704486608505, -0.019286105409264565, -0.016135506331920624, -0.012984905391931534, -0.009834304451942444, -0.006683705374598503, -0.0035331062972545624, -0.0003825053572654724, 0.002768094651401043, 0.005918694660067558, 0.009069294668734074, 0.012219894677400589, 0.015370495617389679, 0.01852109469473362, 0.02167169377207756, 0.02482229471206665, 0.02797289565205574, 0.03112349472939968, 0.03427409380674362, 0.03742469474673271, 0.0405752956867218, 0.04372589290142059, 0.04687649384140968, 0.05002709478139877, 0.05317769572138786, 0.05632829666137695, 0.059478893876075745, 0.06262949109077454, 0.06578009575605392, 0.06893069297075272, 0.0720812976360321, 0.0752318948507309]}, "loss": 0.10290388762950897, "episode_reward": 15.0, "average_reward": 29.95, "epsilon_greedy": 0.8099525000000876, "_runtime": 19, "_timestamp": 1642183122, "_step": 4, "_wandb": {"runtime": 16}}