{"gradients/net.2.bias": {"_type": "histogram", "values": [1.0, 0.0, 0.0, 0.0, 0.0, 0.0, 0.0, 0.0, 0.0, 0.0, 0.0, 0.0, 0.0, 0.0, 0.0, 0.0, 0.0, 0.0, 0.0, 0.0, 0.0, 0.0, 0.0, 0.0, 0.0, 0.0, 0.0, 0.0, 0.0, 0.0, 0.0, 0.0, 0.0, 0.0, 0.0, 0.0, 0.0, 0.0, 0.0, 0.0, 0.0, 0.0, 0.0, 0.0, 0.0, 0.0, 0.0, 0.0, 0.0, 0.0, 0.0, 0.0, 0.0, 0.0, 0.0, 0.0, 0.0, 0.0, 0.0, 0.0, 0.0, 0.0, 0.0, 1.0], "bins": [-0.19351908564567566, -0.19037151336669922, -0.18722392618656158, -0.18407635390758514, -0.1809287816286087, -0.17778119444847107, -0.17463362216949463, -0.1714860498905182, -0.16833846271038055, -0.1651908904314041, -0.16204330325126648, -0.15889573097229004, -0.1557481586933136, -0.15260057151317596, -0.14945299923419952, -0.1463054120540619, -0.14315783977508545, -0.140010267496109, -0.13686268031597137, -0.13371510803699493, -0.1305675357580185, -0.12741994857788086, -0.12427237629890442, -0.12112479656934738, -0.11797722429037094, -0.1148296445608139, -0.11168207228183746, -0.10853449255228043, -0.10538691282272339, -0.10223934054374695, -0.09909176081418991, -0.09594418108463287, -0.09279660135507584, -0.0896490216255188, -0.08650144934654236, -0.08335386961698532, -0.08020628988742828, -0.07705871760845184, -0.0739111378788948, -0.07076355814933777, -0.06761597841978073, -0.0644683986902237, -0.061320822685956955, -0.058173246681690216, -0.05502566695213318, -0.05187809094786644, -0.0487305149435997, -0.045582935214042664, -0.042435359209775925, -0.039287783205509186, -0.03614020347595215, -0.03299262747168541, -0.029845047742128372, -0.026697471737861633, -0.023549893870949745, -0.020402316004037857, -0.01725473813712597, -0.01410716027021408, -0.010959582403302193, -0.007812005467712879, -0.004664427600800991, -0.0015168506652116776, 0.0016307272017002106, 0.004778305068612099, 0.007925882935523987]}, "gradients/net.2.weight": {"_type": "histogram", "values": [1.0, 0.0, 0.0, 0.0, 0.0, 0.0, 0.0, 0.0, 0.0, 0.0, 0.0, 0.0, 0.0, 0.0, 1.0, 0.0, 0.0, 0.0, 0.0, 0.0, 0.0, 0.0, 1.0, 0.0, 0.0, 0.0, 0.0, 1.0, 1.0, 0.0, 2.0, 34.0, 74.0, 8.0, 1.0, 0.0, 0.0, 1.0, 0.0, 0.0, 0.0, 1.0, 0.0, 0.0, 0.0, 1.0, 0.0, 0.0, 0.0, 0.0, 0.0, 0.0, 0.0, 0.0, 0.0, 0.0, 0.0, 0.0, 0.0, 0.0, 0.0, 0.0, 0.0, 1.0], "bins": [-0.19296152889728546, -0.1869480162858963, -0.18093450367450714, -0.17492099106311798, -0.16890746355056763, -0.16289395093917847, -0.1568804383277893, -0.15086692571640015, -0.144853413105011, -0.13883990049362183, -0.13282638788223267, -0.1268128752708435, -0.12079935520887375, -0.11478584259748459, -0.10877232253551483, -0.10275880992412567, -0.09674529731273651, -0.09073178470134735, -0.08471827208995819, -0.07870475202798843, -0.07269123941659927, -0.06667772680521011, -0.060664210468530655, -0.054650694131851196, -0.048637181520462036, -0.042623668909072876, -0.03661015257239342, -0.030596638098359108, -0.0245831236243248, -0.01856960915029049, -0.01255609467625618, -0.006542578339576721, -0.0005290508270263672, 0.005484463647007942, 0.011497978121042252, 0.01751149259507656, 0.02352500706911087, 0.02953852154314518, 0.03555203601717949, 0.04156555235385895, 0.04757906496524811, 0.05359257757663727, 0.05960609391331673, 0.06561961024999619, 0.07163312286138535, 0.0776466354727745, 0.08366015553474426, 0.08967366814613342, 0.09568718075752258, 0.10170069336891174, 0.1077142059803009, 0.11372772604227066, 0.11974123865365982, 0.12575475871562958, 0.13176827132701874, 0.1377817839384079, 0.14379529654979706, 0.14980880916118622, 0.15582232177257538, 0.16183583438396454, 0.1678493618965149, 0.17386287450790405, 0.1798763871192932, 0.18588989973068237, 0.19190341234207153]}, "gradients/net.0.bias": {"_type": "histogram", "values": [1.0, 0.0, 0.0, 0.0, 0.0, 0.0, 0.0, 0.0, 0.0, 0.0, 0.0, 0.0, 0.0, 0.0, 0.0, 0.0, 0.0, 0.0, 0.0, 0.0, 0.0, 0.0, 0.0, 0.0, 0.0, 0.0, 0.0, 0.0, 0.0, 0.0, 0.0, 0.0, 0.0, 0.0, 0.0, 0.0, 0.0, 0.0, 0.0, 0.0, 0.0, 0.0, 0.0, 0.0, 0.0, 0.0, 0.0, 0.0, 0.0, 0.0, 1.0, 2.0, 1.0, 1.0, 2.0, 1.0, 3.0, 10.0, 34.0, 2.0, 1.0, 0.0, 4.0, 1.0], "bins": [-0.21597936749458313, -0.21225805580615997, -0.208536759018898, -0.20481544733047485, -0.2010941356420517, -0.19737282395362854, -0.19365152716636658, -0.18993021547794342, -0.18620890378952026, -0.1824875921010971, -0.17876629531383514, -0.175044983625412, -0.17132367193698883, -0.16760236024856567, -0.1638810634613037, -0.16015975177288055, -0.1564384549856186, -0.15271714329719543, -0.14899584650993347, -0.14527453482151031, -0.14155322313308716, -0.1378319263458252, -0.13411061465740204, -0.13038930296897888, -0.12666799128055573, -0.12294668704271317, -0.11922537535429001, -0.11550407111644745, -0.11178275942802429, -0.10806145519018173, -0.10434015095233917, -0.10061883926391602, -0.09689753502607346, -0.0931762307882309, -0.08945491909980774, -0.08573361486196518, -0.08201230317354202, -0.07829099893569946, -0.0745696872472763, -0.07084838300943375, -0.06712707877159119, -0.06340577453374863, -0.05968446284532547, -0.05596315860748291, -0.05224185064435005, -0.048520542681217194, -0.044799234718084335, -0.04107792675495148, -0.03735661506652832, -0.03363530710339546, -0.029914001002907753, -0.026192693039774895, -0.022471386939287186, -0.018750078976154327, -0.015028771013021469, -0.01130746491253376, -0.007586158812046051, -0.0038648515474051237, -0.0001435442827641964, 0.0035777632147073746, 0.007299070246517658, 0.011020377278327942, 0.0147416852414608, 0.01846299134194851, 0.022184299305081367]}, "gradients/net.0.weight": {"_type": "histogram", "values": [1.0, 0.0, 0.0, 0.0, 0.0, 0.0, 0.0, 0.0, 0.0, 0.0, 0.0, 0.0, 0.0, 0.0, 0.0, 2.0, 0.0, 1.0, 9.0, 196.0, 38.0, 3.0, 3.0, 1.0, 0.0, 0.0, 0.0, 1.0, 0.0, 0.0, 0.0, 0.0, 0.0, 0.0, 0.0, 0.0, 0.0, 0.0, 0.0, 0.0, 0.0, 0.0, 0.0, 0.0, 0.0, 0.0, 0.0, 0.0, 0.0, 0.0, 0.0, 0.0, 0.0, 0.0, 0.0, 0.0, 0.0, 0.0, 0.0, 0.0, 0.0, 0.0, 0.0, 1.0], "bins": [-0.09187279641628265, -0.08724197745323181, -0.08261115849018097, -0.07798034697771072, -0.07334952801465988, -0.06871870905160904, -0.0640878975391388, -0.05945707857608795, -0.05482625961303711, -0.05019544064998627, -0.04556462541222572, -0.04093381017446518, -0.03630299121141434, -0.031672172248363495, -0.02704135701060295, -0.022410541772842407, -0.017779722809791565, -0.013148905709385872, -0.008518088608980179, -0.0038872715085744858, 0.0007435455918312073, 0.0053743626922369, 0.010005179792642593, 0.014635995030403137, 0.01926681399345398, 0.023897631093859673, 0.028528448194265366, 0.03315926343202591, 0.03779008239507675, 0.042420901358127594, 0.04705171659588814, 0.05168253183364868, 0.05631333589553833, 0.06094415485858917, 0.06557497382164001, 0.07020578533411026, 0.0748366042971611, 0.07946742326021194, 0.08409823477268219, 0.08872905373573303, 0.09335987269878387, 0.09799069166183472, 0.10262151062488556, 0.1072523221373558, 0.11188314110040665, 0.11651396006345749, 0.12114477157592773, 0.12577559053897858, 0.13040640950202942, 0.13503722846508026, 0.1396680474281311, 0.14429886639118195, 0.1489296853542328, 0.15356048941612244, 0.15819130837917328, 0.16282212734222412, 0.16745294630527496, 0.1720837652683258, 0.17671458423137665, 0.1813454031944275, 0.18597620725631714, 0.19060702621936798, 0.19523784518241882, 0.19986866414546967, 0.2044994831085205]}, "loss": 0.04417424649000168, "episode_reward": 19.0, "average_reward": 24.28, "epsilon_greedy": 0.873301666666725, "_runtime": 14, "_timestamp": 1642183319, "_step": 4, "_wandb": {"runtime": 12}}