{"loss": 0.03799393028020859, "episode_reward": 13.0, "average_reward": 23.15, "epsilon_greedy": 0.6640166666667037, "_runtime": 5, "_timestamp": 1642180208, "_step": 105, "gradients/net.2.bias": {"_type": "histogram", "values": [1.0, 0.0, 0.0, 0.0, 0.0, 0.0, 0.0, 0.0, 0.0, 0.0, 0.0, 0.0, 0.0, 0.0, 0.0, 0.0, 0.0, 0.0, 0.0, 0.0, 0.0, 0.0, 0.0, 0.0, 0.0, 0.0, 0.0, 0.0, 0.0, 0.0, 0.0, 0.0, 0.0, 0.0, 0.0, 0.0, 0.0, 0.0, 0.0, 0.0, 0.0, 0.0, 0.0, 0.0, 0.0, 0.0, 0.0, 0.0, 0.0, 0.0, 0.0, 0.0, 0.0, 0.0, 0.0, 0.0, 0.0, 0.0, 0.0, 0.0, 0.0, 0.0, 0.0, 1.0], "bins": [-0.07672141492366791, -0.07539758086204529, -0.07407375425100327, -0.07274992018938065, -0.07142608612775803, -0.070102259516716, -0.06877842545509338, -0.06745459139347076, -0.06613075733184814, -0.06480692327022552, -0.0634830966591835, -0.06215926259756088, -0.06083542853593826, -0.05951159819960594, -0.05818776786327362, -0.056863933801651, -0.05554010719060898, -0.05421627685427666, -0.05289244279265404, -0.051568612456321716, -0.0502447783946991, -0.048920948058366776, -0.047597117722034454, -0.046273283660411835, -0.044949453324079514, -0.04362562298774719, -0.04230178892612457, -0.04097795858979225, -0.03965412825345993, -0.03833029419183731, -0.03700646385550499, -0.03568263351917267, -0.03435879945755005, -0.03303496912121773, -0.03171113505959511, -0.030387304723262787, -0.029063472524285316, -0.027739640325307846, -0.026415809988975525, -0.025091977789998055, -0.023768145591020584, -0.022444313392043114, -0.021120481193065643, -0.019796650856733322, -0.018472818657755852, -0.01714898645877838, -0.01582515612244606, -0.01450132392346859, -0.01317749172449112, -0.011853659525513649, -0.010529828257858753, -0.009205996990203857, -0.007882164791226387, -0.006558333057910204, -0.005234501324594021, -0.003910670056939125, -0.0025868378579616547, -0.0012630061246454716, 6.082560867071152e-05, 0.0013846573419868946, 0.0027084890753030777, 0.004032320808619261, 0.005356152541935444, 0.00667998380959034, 0.00800381600856781]}, "gradients/net.2.weight": {"_type": "histogram", "values": [1.0, 1.0, 0.0, 0.0, 0.0, 1.0, 0.0, 1.0, 0.0, 1.0, 0.0, 0.0, 3.0, 0.0, 1.0, 2.0, 0.0, 2.0, 0.0, 0.0, 2.0, 2.0, 1.0, 0.0, 1.0, 0.0, 0.0, 1.0, 1.0, 7.0, 10.0, 14.0, 23.0, 14.0, 6.0, 7.0, 2.0, 2.0, 1.0, 0.0, 1.0, 0.0, 1.0, 1.0, 1.0, 0.0, 1.0, 0.0, 1.0, 1.0, 0.0, 1.0, 0.0, 1.0, 2.0, 1.0, 1.0, 1.0, 1.0, 1.0, 4.0, 0.0, 0.0, 1.0], "bins": [-0.04725361615419388, -0.045792754739522934, -0.04433189332485199, -0.042871031910181046, -0.0414101704955101, -0.03994930908083916, -0.03848844766616821, -0.03702758625149727, -0.035566724836826324, -0.03410586342215538, -0.032645002007484436, -0.031184140592813492, -0.029723279178142548, -0.028262417763471603, -0.02680155634880066, -0.025340694934129715, -0.02387983538210392, -0.022418973967432976, -0.02095811255276203, -0.019497251138091087, -0.018036389723420143, -0.0165755283087492, -0.01511466782540083, -0.013653806410729885, -0.012192945927381516, -0.010732084512710571, -0.009271223098039627, -0.00781036214902997, -0.006349500734359026, -0.004888639319688082, -0.003427778370678425, -0.0019669169560074806, -0.0005060546100139618, 0.0009548066882416606, 0.002415667986497283, 0.0038765291683375835, 0.005337390583008528, 0.006798251997679472, 0.008259112946689129, 0.009719974361360073, 0.011180836707353592, 0.012641698122024536, 0.01410255953669548, 0.015563420951366425, 0.01702428236603737, 0.018485143780708313, 0.019946005195379257, 0.0214068666100502, 0.022867726162075996, 0.02432858757674694, 0.025789448991417885, 0.02725031040608883, 0.028711171820759773, 0.030172033235430717, 0.03163289278745651, 0.03309375420212746, 0.0345546156167984, 0.036015477031469345, 0.03747633844614029, 0.038937199860811234, 0.04039806127548218, 0.04185892269015312, 0.043319784104824066, 0.04478064551949501, 0.046241506934165955]}, "gradients/net.0.bias": {"_type": "histogram", "values": [1.0, 0.0, 1.0, 0.0, 0.0, 0.0, 0.0, 0.0, 1.0, 0.0, 0.0, 3.0, 1.0, 0.0, 0.0, 2.0, 1.0, 0.0, 1.0, 0.0, 0.0, 1.0, 1.0, 3.0, 0.0, 2.0, 2.0, 0.0, 2.0, 0.0, 2.0, 1.0, 6.0, 1.0, 2.0, 2.0, 1.0, 1.0, 0.0, 2.0, 3.0, 4.0, 0.0, 1.0, 3.0, 1.0, 1.0, 3.0, 0.0, 0.0, 3.0, 0.0, 1.0, 1.0, 0.0, 0.0, 0.0, 0.0, 0.0, 1.0, 1.0, 0.0, 0.0, 1.0], "bins": [-0.013132231310009956, -0.012729399837553501, -0.012326568365097046, -0.01192373689264059, -0.011520905420184135, -0.011118074879050255, -0.0107152434065938, -0.010312411934137344, -0.009909580461680889, -0.009506748989224434, -0.009103917516767979, -0.008701086044311523, -0.008298255503177643, -0.007895423099398613, -0.007492592558264732, -0.007089761085808277, -0.006686929613351822, -0.006284098140895367, -0.0058812666684389114, -0.0054784356616437435, -0.005075604189187288, -0.004672772716730833, -0.004269941709935665, -0.00386711023747921, -0.0034642787650227547, -0.0030614472925662994, -0.002658616052940488, -0.0022557848133146763, -0.001852953340858221, -0.0014501218684017658, -0.0010472906287759542, -0.0006444593891501427, -0.00024162791669368744, 0.00016120343934744596, 0.0005640347953885794, 0.0009668661514297128, 0.0013696975074708462, 0.0017725289799273014, 0.002175360219553113, 0.0025781914591789246, 0.00298102293163538, 0.003383854404091835, 0.0037866856437176466, 0.004189516883343458, 0.004592348355799913, 0.004995179828256369, 0.0053980108350515366, 0.005800842307507992, 0.006203673779964447, 0.006606505252420902, 0.0070093367248773575, 0.007412167731672525, 0.007814999669790268, 0.008217830210924149, 0.008620661683380604, 0.009023493155837059, 0.009426324628293514, 0.00982915610074997, 0.010231987573206425, 0.01063481904566288, 0.01103764958679676, 0.01144048199057579, 0.011843312531709671, 0.012246144004166126, 0.012648975476622581]}, "gradients/net.0.weight": {"_type": "histogram", "values": [1.0, 0.0, 0.0, 1.0, 1.0, 0.0, 0.0, 0.0, 0.0, 1.0, 2.0, 1.0, 1.0, 1.0, 1.0, 4.0, 1.0, 2.0, 2.0, 2.0, 5.0, 3.0, 2.0, 3.0, 4.0, 3.0, 3.0, 4.0, 4.0, 28.0, 42.0, 53.0, 25.0, 7.0, 6.0, 3.0, 6.0, 3.0, 2.0, 2.0, 5.0, 4.0, 1.0, 2.0, 2.0, 0.0, 1.0, 0.0, 3.0, 1.0, 3.0, 0.0, 1.0, 0.0, 1.0, 1.0, 0.0, 0.0, 0.0, 1.0, 0.0, 0.0, 0.0, 1.0], "bins": [-0.010702069848775864, -0.0103573864325881, -0.010012703016400337, -0.009668020531535149, -0.009323337115347385, -0.008978653699159622, -0.008633970282971859, -0.008289286866784096, -0.007944604381918907, -0.007599920965731144, -0.007255238015204668, -0.006910554599016905, -0.006565871648490429, -0.006221188232302666, -0.0058765048161149025, -0.005531821399927139, -0.005187137983739376, -0.004842454567551613, -0.004497771617025137, -0.004153088200837374, -0.003808405017480254, -0.0034637218341231346, -0.0031190384179353714, -0.002774355234578252, -0.002429671585559845, -0.0020849884022027254, -0.001740305102430284, -0.0013956218026578426, -0.001050938619300723, -0.0007062554359436035, -0.0003615720197558403, -1.688883639872074e-05, 0.0003277938812971115, 0.000672477122861892, 0.0010171603644266725, 0.0013618436641991138, 0.0017065268475562334, 0.002051210030913353, 0.002395893447101116, 0.0027405766304582357, 0.003085259348154068, 0.0034299425315111876, 0.003774625714868307, 0.00411930913105607, 0.004463992081582546, 0.0048086754977703094, 0.005153358913958073, 0.005498042330145836, 0.005842725746333599, 0.006187409162521362, 0.006532092113047838, 0.006876775529235601, 0.007221458479762077, 0.0075661418959498405, 0.007910825312137604, 0.008255508728325367, 0.00860019214451313, 0.008944875560700893, 0.009289558976888657, 0.009634241461753845, 0.009978924877941608, 0.010323608294129372, 0.010668291710317135, 0.011012975126504898, 0.011357657611370087]}}