{"loss": 2.246640920639038, "episode_reward": 200.0, "average_reward": 181.89, "epsilon_greedy": 0.05, "_runtime": 444, "_timestamp": 1642180190, "_step": 1815, "gradients/net.2.bias": {"_type": "histogram", "values": [1.0, 0.0, 0.0, 0.0, 0.0, 0.0, 0.0, 0.0, 0.0, 0.0, 0.0, 0.0, 0.0, 0.0, 0.0, 0.0, 0.0, 0.0, 0.0, 0.0, 0.0, 0.0, 0.0, 0.0, 0.0, 0.0, 0.0, 0.0, 0.0, 0.0, 0.0, 0.0, 0.0, 0.0, 0.0, 0.0, 0.0, 0.0, 0.0, 0.0, 0.0, 0.0, 0.0, 0.0, 0.0, 0.0, 0.0, 0.0, 0.0, 0.0, 0.0, 0.0, 0.0, 0.0, 0.0, 0.0, 0.0, 0.0, 0.0, 0.0, 0.0, 0.0, 0.0, 1.0], "bins": [-0.1621144413948059, -0.16000311076641083, -0.15789176523685455, -0.15578043460845947, -0.1536691039800644, -0.15155775845050812, -0.14944642782211304, -0.14733509719371796, -0.14522376656532288, -0.1431124359369278, -0.14100109040737152, -0.13888975977897644, -0.13677842915058136, -0.13466708362102509, -0.13255575299263, -0.13044442236423492, -0.12833307683467865, -0.12622174620628357, -0.12411040812730789, -0.12199907004833221, -0.11988773941993713, -0.11777640134096146, -0.11566506326198578, -0.1135537326335907, -0.11144239455461502, -0.10933105647563934, -0.10721972584724426, -0.10510838776826859, -0.10299704968929291, -0.10088571906089783, -0.09877438098192215, -0.09666305035352707, -0.09455171227455139, -0.09244037419557571, -0.09032904356718063, -0.08821770548820496, -0.08610637485980988, -0.0839950367808342, -0.08188369870185852, -0.07977236807346344, -0.07766102999448776, -0.07554969191551208, -0.073438361287117, -0.07132702320814133, -0.06921568512916565, -0.06710435450077057, -0.06499301642179489, -0.06288168579339981, -0.06077034771442413, -0.058659013360738754, -0.056547679007053375, -0.0544363409280777, -0.05232500657439232, -0.05021367222070694, -0.04810233414173126, -0.04599099978804588, -0.043879665434360504, -0.041768331080675125, -0.039656996726989746, -0.03754565864801407, -0.03543432429432869, -0.03332298994064331, -0.031211653724312782, -0.029100317507982254, -0.026988983154296875]}, "gradients/net.2.weight": {"_type": "histogram", "values": [3.0, 3.0, 0.0, 0.0, 0.0, 0.0, 0.0, 0.0, 0.0, 0.0, 2.0, 0.0, 0.0, 0.0, 1.0, 0.0, 2.0, 0.0, 0.0, 0.0, 0.0, 0.0, 0.0, 0.0, 1.0, 0.0, 4.0, 7.0, 2.0, 0.0, 3.0, 24.0, 52.0, 3.0, 1.0, 2.0, 4.0, 5.0, 0.0, 0.0, 0.0, 0.0, 0.0, 0.0, 1.0, 1.0, 0.0, 0.0, 1.0, 0.0, 0.0, 0.0, 0.0, 0.0, 0.0, 1.0, 0.0, 0.0, 0.0, 0.0, 0.0, 0.0, 0.0, 5.0], "bins": [-0.1583733707666397, -0.15343564748764038, -0.14849790930747986, -0.14356018602848053, -0.1386224627494812, -0.13368473947048187, -0.12874701619148254, -0.12380927801132202, -0.11887155473232269, -0.11393383145332336, -0.10899610072374344, -0.10405836999416351, -0.09912064671516418, -0.09418292343616486, -0.08924519270658493, -0.084307461977005, -0.07936973869800568, -0.07443201541900635, -0.06949428468942642, -0.0645565539598465, -0.05961883068084717, -0.05468110367655754, -0.049743376672267914, -0.04480564966797829, -0.03986792266368866, -0.03493019565939903, -0.029992468655109406, -0.02505474165081978, -0.02011701464653015, -0.015179287642240524, -0.010241560637950897, -0.00530383363366127, -0.00036610662937164307, 0.004571620374917984, 0.009509347379207611, 0.014447074383497238, 0.019384801387786865, 0.024322528392076492, 0.02926025539636612, 0.034197982400655746, 0.039135709404945374, 0.044073436409235, 0.04901116341352463, 0.053948890417814255, 0.05888661742210388, 0.06382434070110321, 0.06876207143068314, 0.07369980216026306, 0.07863752543926239, 0.08357524871826172, 0.08851297944784164, 0.09345071017742157, 0.0983884334564209, 0.10332615673542023, 0.10826388746500015, 0.11320161819458008, 0.1181393414735794, 0.12307706475257874, 0.12801480293273926, 0.1329525262117386, 0.13789024949073792, 0.14282797276973724, 0.14776569604873657, 0.1527034342288971, 0.15764115750789642]}, "gradients/net.0.bias": {"_type": "histogram", "values": [1.0, 0.0, 0.0, 0.0, 0.0, 0.0, 0.0, 1.0, 0.0, 0.0, 0.0, 0.0, 0.0, 1.0, 0.0, 0.0, 0.0, 0.0, 0.0, 1.0, 0.0, 0.0, 0.0, 0.0, 0.0, 0.0, 0.0, 0.0, 1.0, 0.0, 0.0, 1.0, 0.0, 3.0, 2.0, 1.0, 0.0, 1.0, 6.0, 35.0, 1.0, 0.0, 0.0, 3.0, 2.0, 0.0, 1.0, 0.0, 0.0, 0.0, 1.0, 0.0, 0.0, 0.0, 0.0, 0.0, 0.0, 0.0, 0.0, 1.0, 0.0, 0.0, 0.0, 1.0], "bins": [-0.1358681470155716, -0.13239963352680206, -0.12893113493919373, -0.1254626214504242, -0.12199411541223526, -0.11852560937404633, -0.11505710333585739, -0.11158859729766846, -0.10812008380889893, -0.10465157777070999, -0.10118307173252106, -0.09771455824375153, -0.09424605220556259, -0.09077754616737366, -0.08730904012918472, -0.08384053409099579, -0.08037202805280685, -0.07690352201461792, -0.07343501597642899, -0.06996650993824005, -0.06649799644947052, -0.06302949041128159, -0.05956098437309265, -0.05609247833490372, -0.05262397229671478, -0.04915546625852585, -0.045686956495046616, -0.04221845045685768, -0.03874994069337845, -0.035281434655189514, -0.03181292861700058, -0.028344420716166496, -0.024875909090042114, -0.02140740118920803, -0.017938893288373947, -0.014470387250185013, -0.01100187934935093, -0.007533371448516846, -0.004064865410327911, -0.0005963575094938278, 0.002872154116630554, 0.0063406615518033504, 0.009809168986976147, 0.013277675956487656, 0.01674618385732174, 0.020214691758155823, 0.023683197796344757, 0.02715170569717884, 0.030620209872722626, 0.03408871591091156, 0.03755722567439079, 0.04102573171257973, 0.04449424147605896, 0.047962747514247894, 0.05143125355243683, 0.05489975959062576, 0.058368269354104996, 0.06183677539229393, 0.06530528515577316, 0.0687737911939621, 0.07224229723215103, 0.07571080327033997, 0.0791793167591095, 0.08264782279729843, 0.08611632883548737]}, "gradients/net.0.weight": {"_type": "histogram", "values": [1.0, 0.0, 0.0, 0.0, 0.0, 1.0, 0.0, 0.0, 0.0, 0.0, 0.0, 0.0, 0.0, 1.0, 0.0, 0.0, 1.0, 1.0, 0.0, 1.0, 0.0, 0.0, 0.0, 0.0, 0.0, 1.0, 1.0, 0.0, 0.0, 0.0, 0.0, 0.0, 0.0, 1.0, 0.0, 1.0, 1.0, 1.0, 1.0, 3.0, 12.0, 65.0, 139.0, 14.0, 2.0, 1.0, 1.0, 1.0, 0.0, 1.0, 0.0, 0.0, 0.0, 0.0, 0.0, 0.0, 2.0, 0.0, 0.0, 0.0, 0.0, 0.0, 1.0, 1.0], "bins": [-0.2634100615978241, -0.25714144110679626, -0.25087279081344604, -0.24460415542125702, -0.238335520029068, -0.23206689953804016, -0.22579826414585114, -0.2195296287536621, -0.21326099336147308, -0.20699235796928406, -0.20072372257709503, -0.194455087184906, -0.18818646669387817, -0.18191781640052795, -0.17564919590950012, -0.1693805605173111, -0.16311192512512207, -0.15684328973293304, -0.15057465434074402, -0.144306018948555, -0.13803738355636597, -0.13176876306533813, -0.1255001276731491, -0.11923149228096008, -0.11296285688877106, -0.10669422149658203, -0.100425586104393, -0.09415695816278458, -0.08788832277059555, -0.08161968737840652, -0.0753510594367981, -0.06908242404460907, -0.06281377375125885, -0.056545138359069824, -0.0502765066921711, -0.04400787502527237, -0.037739239633083344, -0.03147060424089432, -0.02520197257399559, -0.018933340907096863, -0.012664705514907837, -0.00639607198536396, -0.00012743845582008362, 0.006141195073723793, 0.01240982860326767, 0.018678463995456696, 0.024947095662355423, 0.03121572732925415, 0.037484362721443176, 0.0437529981136322, 0.05002162978053093, 0.05629026144742966, 0.06255889683961868, 0.06882753223180771, 0.07509616017341614, 0.08136479556560516, 0.08763343095779419, 0.09390206634998322, 0.10017070174217224, 0.10643932968378067, 0.1127079650759697, 0.11897660046815872, 0.12524522840976715, 0.13151386380195618, 0.1377824991941452]}, "gradients/graph_1net.2.bias": {"_type": "histogram", "values": [1.0, 0.0, 0.0, 0.0, 0.0, 0.0, 0.0, 0.0, 0.0, 0.0, 0.0, 0.0, 0.0, 0.0, 0.0, 0.0, 0.0, 0.0, 0.0, 0.0, 0.0, 0.0, 0.0, 0.0, 0.0, 0.0, 0.0, 0.0, 0.0, 0.0, 0.0, 0.0, 0.0, 0.0, 0.0, 0.0, 0.0, 0.0, 0.0, 0.0, 0.0, 0.0, 0.0, 0.0, 0.0, 0.0, 0.0, 0.0, 0.0, 0.0, 0.0, 0.0, 0.0, 0.0, 0.0, 0.0, 0.0, 0.0, 0.0, 0.0, 0.0, 0.0, 0.0, 1.0],