{"gradients/net.2.bias": {"_type": "histogram", "values": [1.0, 0.0, 0.0, 0.0, 0.0, 0.0, 0.0, 0.0, 0.0, 0.0, 0.0, 0.0, 0.0, 0.0, 0.0, 0.0, 0.0, 0.0, 0.0, 0.0, 0.0, 0.0, 0.0, 0.0, 0.0, 0.0, 0.0, 0.0, 0.0, 0.0, 0.0, 0.0, 0.0, 0.0, 0.0, 0.0, 0.0, 0.0, 0.0, 0.0, 0.0, 0.0, 0.0, 0.0, 0.0, 0.0, 0.0, 0.0, 0.0, 0.0, 0.0, 0.0, 0.0, 0.0, 0.0, 0.0, 0.0, 0.0, 0.0, 0.0, 0.0, 0.0, 0.0, 1.0], "bins": [0.0009898543357849121, 0.001925924327224493, 0.002861994318664074, 0.003798064310103655, 0.004734134301543236, 0.005670204292982817, 0.006606274284422398, 0.0075423442758619785, 0.00847841426730156, 0.009414484724402428, 0.010350554250180721, 0.011286623775959015, 0.012222694233059883, 0.013158764690160751, 0.014094834215939045, 0.015030903741717339, 0.015966974198818207, 0.016903044655919075, 0.017839115113019943, 0.018775183707475662, 0.01971125416457653, 0.0206473246216774, 0.021583393216133118, 0.022519463673233986, 0.023455534130334854, 0.024391604587435722, 0.02532767504453659, 0.02626374363899231, 0.027199814096093178, 0.028135884553194046, 0.029071953147649765, 0.030008023604750633, 0.0309440940618515, 0.03188016265630722, 0.03281623497605324, 0.03375230357050896, 0.034688375890254974, 0.03562444448471069, 0.03656051307916641, 0.03749658539891243, 0.03843265399336815, 0.03936872258782387, 0.040304794907569885, 0.041240863502025604, 0.04217693209648132, 0.04311300441622734, 0.04404907301068306, 0.04498514533042908, 0.045921213924884796, 0.046857282519340515, 0.04779335483908653, 0.04872942343354225, 0.04966549575328827, 0.05060156434774399, 0.05153763294219971, 0.052473705261945724, 0.053409773856401443, 0.05434584245085716, 0.05528191477060318, 0.0562179833650589, 0.05715405195951462, 0.058090124279260635, 0.059026192873716354, 0.05996226519346237, 0.06089833378791809]}, "gradients/net.2.weight": {"_type": "histogram", "values": [2.0, 0.0, 0.0, 0.0, 0.0, 0.0, 0.0, 0.0, 0.0, 1.0, 0.0, 0.0, 0.0, 0.0, 0.0, 0.0, 0.0, 2.0, 1.0, 5.0, 16.0, 61.0, 17.0, 8.0, 5.0, 2.0, 2.0, 0.0, 0.0, 0.0, 0.0, 0.0, 0.0, 2.0, 0.0, 0.0, 0.0, 0.0, 0.0, 0.0, 0.0, 0.0, 0.0, 0.0, 2.0, 0.0, 0.0, 1.0, 0.0, 0.0, 0.0, 0.0, 0.0, 0.0, 0.0, 0.0, 0.0, 0.0, 0.0, 0.0, 0.0, 0.0, 0.0, 1.0], "bins": [-0.1084335446357727, -0.10345873236656189, -0.09848391264677048, -0.09350910037755966, -0.08853428065776825, -0.08355946838855743, -0.07858465611934662, -0.0736098438501358, -0.06863502413034439, -0.06366021186113358, -0.05868539214134216, -0.05371057987213135, -0.048735763877630234, -0.04376094788312912, -0.038786135613918304, -0.03381131961941719, -0.028836503624916077, -0.023861687630414963, -0.018886873498558998, -0.013912058435380459, -0.00893724337220192, -0.003962427377700806, 0.001012386754155159, 0.005987200886011124, 0.010962016880512238, 0.01593683287501335, 0.020911647006869316, 0.02588646113872528, 0.030861277133226395, 0.03583609312772751, 0.040810905396938324, 0.04578572139143944, 0.05076053738594055, 0.055735353380441666, 0.06071016937494278, 0.0656849816441536, 0.07065980136394501, 0.07563461363315582, 0.08060942590236664, 0.08558423817157745, 0.09055905789136887, 0.09553387016057968, 0.1005086898803711, 0.10548350214958191, 0.11045831441879272, 0.11543313413858414, 0.12040794640779495, 0.12538276612758636, 0.13035757839679718, 0.135332390666008, 0.1403072029352188, 0.14528203010559082, 0.15025684237480164, 0.15523165464401245, 0.16020646691322327, 0.16518127918243408, 0.1701560914516449, 0.1751309037208557, 0.18010571599006653, 0.18508054316043854, 0.19005535542964935, 0.19503016769886017, 0.20000497996807098, 0.2049797922372818, 0.2099546194076538]}, "gradients/net.0.bias": {"_type": "histogram", "values": [2.0, 0.0, 0.0, 0.0, 0.0, 0.0, 0.0, 0.0, 0.0, 0.0, 0.0, 0.0, 0.0, 0.0, 0.0, 0.0, 0.0, 0.0, 0.0, 0.0, 0.0, 0.0, 0.0, 0.0, 0.0, 0.0, 0.0, 0.0, 0.0, 1.0, 0.0, 0.0, 1.0, 0.0, 1.0, 0.0, 14.0, 37.0, 5.0, 0.0, 0.0, 0.0, 0.0, 0.0, 0.0, 0.0, 0.0, 0.0, 0.0, 0.0, 1.0, 0.0, 0.0, 0.0, 0.0, 0.0, 0.0, 0.0, 1.0, 0.0, 0.0, 0.0, 0.0, 1.0], "bins": [-0.11739032715559006, -0.11423268914222717, -0.11107505112886429, -0.1079174131155014, -0.10475977510213852, -0.10160213708877563, -0.09844450652599335, -0.09528686106204987, -0.09212923049926758, -0.0889715924859047, -0.08581395447254181, -0.08265631645917892, -0.07949867844581604, -0.07634104043245316, -0.07318340241909027, -0.07002577185630798, -0.0668681263923645, -0.06371048837900162, -0.06055285036563873, -0.05739521235227585, -0.054237574338912964, -0.05107993632555008, -0.04792230203747749, -0.04476466402411461, -0.04160702973604202, -0.03844939172267914, -0.035291753709316254, -0.03213411569595337, -0.028976479545235634, -0.02581884153187275, -0.022661205381155014, -0.01950356736779213, -0.01634591817855835, -0.013188280165195465, -0.010030643083155155, -0.006873006001114845, -0.0037153679877519608, -0.0005577299743890762, 0.002599906176328659, 0.005757544189691544, 0.008915185928344727, 0.012072823941707611, 0.015230461023747921, 0.01838809810578823, 0.021545736119151115, 0.024703374132514, 0.027861010283231735, 0.03101864829659462, 0.034176282584667206, 0.03733392059803009, 0.040491558611392975, 0.04364919662475586, 0.046806834638118744, 0.04996447265148163, 0.053122106939554214, 0.0562797449529171, 0.059437382966279984, 0.06259501725435257, 0.06575265526771545, 0.06891029328107834, 0.07206793129444122, 0.07522556930780411, 0.07838320732116699, 0.08154084533452988, 0.08469848334789276]}, "gradients/net.0.weight": {"_type": "histogram", "values": [1.0, 0.0, 1.0, 0.0, 0.0, 0.0, 0.0, 0.0, 0.0, 0.0, 0.0, 0.0, 0.0, 0.0, 0.0, 0.0, 0.0, 0.0, 0.0, 5.0, 5.0, 24.0, 186.0, 19.0, 7.0, 0.0, 2.0, 0.0, 2.0, 0.0, 0.0, 0.0, 0.0, 0.0, 0.0, 0.0, 0.0, 0.0, 0.0, 0.0, 0.0, 0.0, 0.0, 0.0, 0.0, 0.0, 0.0, 0.0, 1.0, 0.0, 0.0, 0.0, 1.0, 0.0, 0.0, 0.0, 0.0, 0.0, 0.0, 0.0, 1.0, 0.0, 0.0, 1.0], "bins": [-0.2327958047389984, -0.22240853309631348, -0.21202126145362854, -0.2016339898109436, -0.19124673306941986, -0.18085946142673492, -0.17047218978405, -0.16008493304252625, -0.1496976613998413, -0.13931038975715637, -0.12892311811447144, -0.1185358539223671, -0.10814858973026276, -0.09776131808757782, -0.08737404644489288, -0.07698678225278854, -0.06659950315952301, -0.05621223524212837, -0.045824967324733734, -0.0354376956820488, -0.02505042776465416, -0.014663159847259521, -0.004275888204574585, 0.006111375987529755, 0.016498655080795288, 0.026885922998189926, 0.037273190915584564, 0.0476604625582695, 0.05804773047566414, 0.06843499839305878, 0.07882227003574371, 0.08920953422784805, 0.09959679841995239, 0.10998407006263733, 0.12037133425474167, 0.1307586133480072, 0.14114587008953094, 0.15153314173221588, 0.16192041337490082, 0.17230767011642456, 0.1826949417591095, 0.19308221340179443, 0.20346948504447937, 0.2138567566871643, 0.22424401342868805, 0.23463128507137299, 0.24501855671405792, 0.25540581345558167, 0.2657930850982666, 0.27618035674095154, 0.2865676283836365, 0.2969549000263214, 0.30734217166900635, 0.3177294135093689, 0.3281167149543762, 0.33850395679473877, 0.3488912582397461, 0.35927852988243103, 0.36966580152511597, 0.3800530731678009, 0.39044034481048584, 0.4008275866508484, 0.4112148880958557, 0.42160212993621826, 0.4319894015789032]}, "loss": 0.020094290375709534, "episode_reward": 159.0, "average_reward": 75.66, "epsilon_greedy": 0.05, "_runtime": 48, "_timestamp": 1642182933, "_step": 4, "_wandb": {"runtime": 46}}