{"gradients/net.2.bias": {"_type": "histogram", "values": [1.0, 0.0, 0.0, 0.0, 0.0, 0.0, 0.0, 0.0, 0.0, 0.0, 0.0, 0.0, 0.0, 0.0, 0.0, 0.0, 0.0, 0.0, 0.0, 0.0, 0.0, 0.0, 0.0, 0.0, 0.0, 0.0, 0.0, 0.0, 0.0, 0.0, 0.0, 0.0, 0.0, 0.0, 0.0, 0.0, 0.0, 0.0, 0.0, 0.0, 0.0, 0.0, 0.0, 0.0, 0.0, 0.0, 0.0, 0.0, 0.0, 0.0, 0.0, 0.0, 0.0, 0.0, 0.0, 0.0, 0.0, 0.0, 0.0, 0.0, 0.0, 0.0, 0.0, 1.0], "bins": [-0.047389522194862366, -0.04619947075843811, -0.045009419322013855, -0.0438193678855896, -0.042629316449165344, -0.04143926501274109, -0.040249213576316833, -0.03905916213989258, -0.03786911070346832, -0.03667905926704407, -0.03548900783061981, -0.03429895639419556, -0.0331089049577713, -0.031918853521347046, -0.03072880394756794, -0.029538752511143684, -0.028348702937364578, -0.027158651500940323, -0.025968600064516068, -0.024778548628091812, -0.023588497191667557, -0.0223984457552433, -0.021208396181464195, -0.02001834474503994, -0.018828293308615685, -0.01763824187219143, -0.016448190435767174, -0.015258139930665493, -0.014068088494241238, -0.012878037057816982, -0.011687986552715302, -0.010497935116291046, -0.00930788367986679, -0.008117832243442535, -0.006927781272679567, -0.005737730301916599, -0.004547678865492344, -0.0033576274290680885, -0.0021675764583051205, -0.0009775254875421524, 0.00021252594888210297, 0.0014025771524757147, 0.0025926283560693264, 0.003782679559662938, 0.00497273076325655, 0.006162782199680805, 0.007352833170443773, 0.008542884141206741, 0.009732935577630997, 0.010922987014055252, 0.012113038450479507, 0.013303088955581188, 0.014493140392005444, 0.015683192759752274, 0.01687324233353138, 0.018063293769955635, 0.01925334520637989, 0.020443396642804146, 0.0216334480792284, 0.022823499515652657, 0.024013549089431763, 0.025203600525856018, 0.026393651962280273, 0.02758370339870453, 0.028773754835128784]}, "gradients/net.2.weight": {"_type": "histogram", "values": [1.0, 1.0, 0.0, 0.0, 0.0, 0.0, 0.0, 2.0, 0.0, 0.0, 0.0, 1.0, 1.0, 1.0, 0.0, 0.0, 0.0, 0.0, 0.0, 1.0, 1.0, 1.0, 1.0, 6.0, 6.0, 13.0, 32.0, 19.0, 20.0, 8.0, 1.0, 5.0, 0.0, 1.0, 0.0, 0.0, 1.0, 0.0, 0.0, 0.0, 0.0, 1.0, 0.0, 0.0, 0.0, 1.0, 1.0, 0.0, 1.0, 0.0, 0.0, 0.0, 0.0, 0.0, 0.0, 0.0, 0.0, 0.0, 0.0, 0.0, 0.0, 0.0, 0.0, 1.0], "bins": [-0.053387582302093506, -0.051418498158454895, -0.049449410289525986, -0.047480326145887375, -0.045511242002248764, -0.043542154133319855, -0.041573069989681244, -0.03960398584604263, -0.03763490170240402, -0.03566581755876541, -0.0336967296898365, -0.03172764554619789, -0.02975856140255928, -0.02778947539627552, -0.02582038938999176, -0.02385130524635315, -0.02188221737742424, -0.01991313137114048, -0.01794404722750187, -0.01597496122121811, -0.014005876146256924, -0.012036791071295738, -0.010067705065011978, -0.008098619990050793, -0.006129533052444458, -0.0041604479774832726, -0.0021913624368608, -0.00022227689623832703, 0.0017468081787228584, 0.003715893253684044, 0.005684979259967804, 0.007654064334928989, 0.009623147547245026, 0.011592232622206211, 0.013561317697167397, 0.015530403703451157, 0.017499487847089767, 0.019468573853373528, 0.021437659859657288, 0.0234067440032959, 0.02537582814693451, 0.02734491415321827, 0.02931399829685688, 0.03128308430314064, 0.03325216844677925, 0.03522125631570816, 0.03719034045934677, 0.03915942460298538, 0.04112851247191429, 0.0430975966155529, 0.04506668448448181, 0.04703576862812042, 0.04900485277175903, 0.050973936915397644, 0.05294302478432655, 0.054912108927965164, 0.056881196796894073, 0.058850280940532684, 0.060819368809461594, 0.0627884566783905, 0.06475754082202911, 0.06672662496566772, 0.06869570910930634, 0.07066479325294495, 0.07263387739658356]}, "gradients/net.0.bias": {"_type": "histogram", "values": [1.0, 0.0, 0.0, 0.0, 0.0, 0.0, 0.0, 0.0, 0.0, 0.0, 0.0, 0.0, 1.0, 0.0, 0.0, 0.0, 0.0, 0.0, 1.0, 0.0, 0.0, 0.0, 0.0, 0.0, 0.0, 0.0, 0.0, 1.0, 0.0, 0.0, 0.0, 0.0, 1.0, 0.0, 2.0, 2.0, 4.0, 4.0, 9.0, 10.0, 9.0, 6.0, 1.0, 3.0, 3.0, 1.0, 2.0, 0.0, 0.0, 0.0, 0.0, 0.0, 0.0, 0.0, 1.0, 1.0, 0.0, 0.0, 0.0, 0.0, 0.0, 0.0, 0.0, 1.0], "bins": [-0.019513532519340515, -0.019019566476345062, -0.01852560043334961, -0.018031634390354156, -0.017537668347358704, -0.01704370230436325, -0.016549736261367798, -0.016055770218372345, -0.015561805106699467, -0.015067839063704014, -0.014573873020708561, -0.014079906977713108, -0.01358594186604023, -0.013091975823044777, -0.012598009780049324, -0.012104043737053871, -0.011610077694058418, -0.011116111651062965, -0.010622145608067513, -0.01012817956507206, -0.009634213522076607, -0.009140247479081154, -0.008646282367408276, -0.008152316324412823, -0.00765835028141737, -0.007164384238421917, -0.006670418195426464, -0.0061764526180922985, -0.005682486575096846, -0.005188520532101393, -0.004694554954767227, -0.004200588911771774, -0.0037066228687763214, -0.0032126568257808685, -0.0027186910156160593, -0.00222472520545125, -0.0017307591624557972, -0.0012367931194603443, -0.0007428273092955351, -0.00024886149913072586, 0.000245104543864727, 0.0007390704704448581, 0.0012330363970249891, 0.0017270023236051202, 0.0022209682501852512, 0.002714934293180704, 0.0032089001033455133, 0.0037028659135103226, 0.0041968319565057755, 0.004690797999501228, 0.005184764042496681, 0.005678729619830847, 0.0061726956628263, 0.0066666617058217525, 0.007160627283155918, 0.007654593326151371, 0.008148559369146824, 0.008642525412142277, 0.00913649145513773, 0.009630457498133183, 0.01012442260980606, 0.010618388652801514, 0.011112354695796967, 0.01160632073879242, 0.012100286781787872]}, "gradients/net.0.weight": {"_type": "histogram", "values": [1.0, 0.0, 0.0, 0.0, 0.0, 0.0, 0.0, 0.0, 0.0, 0.0, 0.0, 0.0, 0.0, 1.0, 1.0, 0.0, 1.0, 1.0, 0.0, 3.0, 4.0, 2.0, 7.0, 40.0, 138.0, 25.0, 7.0, 6.0, 5.0, 6.0, 2.0, 0.0, 1.0, 0.0, 0.0, 0.0, 0.0, 1.0, 1.0, 0.0, 0.0, 0.0, 0.0, 0.0, 1.0, 0.0, 0.0, 0.0, 0.0, 0.0, 0.0, 0.0, 0.0, 0.0, 0.0, 0.0, 0.0, 0.0, 1.0, 0.0, 0.0, 0.0, 0.0, 1.0], "bins": [-0.019852206110954285, -0.019040510058403015, -0.018228814005851746, -0.017417117953300476, -0.016605421900749207, -0.015793725848197937, -0.014982028864324093, -0.014170332811772823, -0.013358636759221554, -0.012546940706670284, -0.011735244654119015, -0.01092354767024517, -0.010111851617693901, -0.009300155565142632, -0.008488459512591362, -0.0076767634600400925, -0.006865067407488823, -0.006053371354937553, -0.005241675302386284, -0.004429978784173727, -0.0036182827316224575, -0.002806586679071188, -0.001994890160858631, -0.0011831941083073616, -0.00037149712443351746, 0.0004401990445330739, 0.0012518952134996653, 0.0020635914988815784, 0.002875287551432848, 0.0036869836039841175, 0.004498680122196674, 0.005310376174747944, 0.006122071295976639, 0.006933767348527908, 0.007745463401079178, 0.008557159453630447, 0.009368855506181717, 0.010180551558732986, 0.01099224854260683, 0.0118039445951581, 0.012615639716386795, 0.013427335768938065, 0.014239031821489334, 0.015050727874040604, 0.015862423926591873, 0.016674119979143143, 0.017485816031694412, 0.018297512084245682, 0.0191092099994421, 0.01992090605199337, 0.02073260210454464, 0.02154429815709591, 0.02235599420964718, 0.023167690262198448, 0.023979388177394867, 0.024791084229946136, 0.025602780282497406, 0.026414476335048676, 0.027226172387599945, 0.028037868440151215, 0.028849564492702484, 0.029661260545253754, 0.030472956597805023, 0.03128465265035629, 0.03209634870290756]}, "loss": 0.2500547766685486, "episode_reward": 200.0, "average_reward": 42.84, "epsilon_greedy": 0.05, "_runtime": 37, "_timestamp": 1642183172, "_step": 4, "_wandb": {"runtime": 35}}