{"gradients/net.2.bias": {"_type": "histogram", "values": [1.0, 0.0, 0.0, 0.0, 0.0, 0.0, 0.0, 0.0, 0.0, 0.0, 0.0, 0.0, 0.0, 0.0, 0.0, 0.0, 0.0, 0.0, 0.0, 0.0, 0.0, 0.0, 0.0, 0.0, 0.0, 0.0, 0.0, 0.0, 0.0, 0.0, 0.0, 0.0, 0.0, 0.0, 0.0, 0.0, 0.0, 0.0, 0.0, 0.0, 0.0, 0.0, 0.0, 0.0, 0.0, 0.0, 0.0, 0.0, 0.0, 0.0, 0.0, 0.0, 0.0, 0.0, 0.0, 0.0, 0.0, 0.0, 0.0, 0.0, 0.0, 0.0, 0.0, 1.0], "bins": [-0.01502324640750885, -0.013575373217463493, -0.012127500027418137, -0.010679625906050205, -0.009231752716004848, -0.007783879525959492, -0.00633600540459156, -0.004888132214546204, -0.003440259024500847, -0.0019923856016248465, -0.000544512178748846, 0.000903361476957798, 0.0023512346670031548, 0.0037991078570485115, 0.005246981978416443, 0.0066948551684618, 0.008142728358507156, 0.009590601548552513, 0.01103847473859787, 0.012486348859965801, 0.013934222050011158, 0.015382095240056515, 0.016829969361424446, 0.018277842551469803, 0.01972571760416031, 0.021173590794205666, 0.022621463984251022, 0.02406933903694153, 0.025517210364341736, 0.026965085417032242, 0.0284129586070776, 0.029860831797122955, 0.03130870312452316, 0.03275657817721367, 0.034204449504613876, 0.03565232455730438, 0.03710019588470459, 0.038548070937395096, 0.0399959459900856, 0.04144381731748581, 0.04289168864488602, 0.04433956369757652, 0.04578743502497673, 0.047235310077667236, 0.048683181405067444, 0.05013105645775795, 0.051578931510448456, 0.05302680283784866, 0.05447467789053917, 0.055922552943229675, 0.05737042427062988, 0.05881829932332039, 0.060266170650720596, 0.0617140457034111, 0.06316191703081131, 0.06460979580879211, 0.06605766713619232, 0.06750553846359253, 0.06895341724157333, 0.07040128856897354, 0.07184915989637375, 0.07329703122377396, 0.07474491000175476, 0.07619278132915497, 0.07764065265655518]}, "gradients/net.2.weight": {"_type": "histogram", "values": [1.0, 0.0, 0.0, 0.0, 0.0, 0.0, 1.0, 0.0, 0.0, 0.0, 0.0, 0.0, 0.0, 0.0, 0.0, 1.0, 0.0, 0.0, 0.0, 0.0, 0.0, 0.0, 0.0, 0.0, 0.0, 0.0, 1.0, 1.0, 8.0, 13.0, 37.0, 37.0, 12.0, 3.0, 5.0, 1.0, 0.0, 0.0, 1.0, 1.0, 0.0, 1.0, 1.0, 0.0, 0.0, 0.0, 0.0, 0.0, 0.0, 0.0, 0.0, 0.0, 0.0, 0.0, 0.0, 0.0, 0.0, 0.0, 1.0, 0.0, 0.0, 0.0, 1.0, 1.0], "bins": [-0.07474131882190704, -0.07231136411428452, -0.06988140195608139, -0.06745144724845886, -0.06502148509025574, -0.06259153038263321, -0.06016157194972038, -0.057731613516807556, -0.05530165508389473, -0.0528716966509819, -0.05044173821806908, -0.04801177978515625, -0.04558182507753372, -0.0431518629193306, -0.04072190821170807, -0.03829194977879524, -0.035861991345882416, -0.03343203291296959, -0.031002074480056763, -0.028572117909789085, -0.02614215947687626, -0.023712201043963432, -0.021282244473695755, -0.01885228604078293, -0.016422327607870102, -0.013992369174957275, -0.011562411673367023, -0.009132454171776772, -0.006702495738863945, -0.0042725373059511185, -0.0018425798043608665, 0.0005873776972293854, 0.003017336130142212, 0.005447294097393751, 0.00787725206464529, 0.010307209566235542, 0.012737167999148369, 0.015167126432061195, 0.017597083002328873, 0.0200270414352417, 0.022456999868154526, 0.024886958301067352, 0.02731691673398018, 0.029746873304247856, 0.03217682987451553, 0.03460679203271866, 0.037036746740341187, 0.03946670517325401, 0.04189666360616684, 0.044326622039079666, 0.04675658047199249, 0.04918653890490532, 0.051616497337818146, 0.054046452045440674, 0.0564764104783535, 0.05890636891126633, 0.06133632734417915, 0.06376628577709198, 0.06619624048471451, 0.06862620264291763, 0.07105615735054016, 0.07348611950874329, 0.07591607421636581, 0.07834602892398834, 0.08077599108219147]}, "gradients/net.0.bias": {"_type": "histogram", "values": [1.0, 0.0, 0.0, 0.0, 0.0, 0.0, 0.0, 0.0, 0.0, 0.0, 0.0, 0.0, 0.0, 0.0, 0.0, 0.0, 0.0, 0.0, 0.0, 0.0, 0.0, 0.0, 0.0, 0.0, 0.0, 0.0, 0.0, 0.0, 0.0, 0.0, 1.0, 0.0, 0.0, 0.0, 0.0, 0.0, 0.0, 0.0, 0.0, 0.0, 0.0, 0.0, 0.0, 0.0, 0.0, 1.0, 1.0, 12.0, 7.0, 14.0, 11.0, 6.0, 3.0, 3.0, 1.0, 0.0, 2.0, 0.0, 0.0, 0.0, 0.0, 0.0, 0.0, 1.0], "bins": [-0.0805053636431694, -0.07888071238994598, -0.07725606113672256, -0.07563140988349915, -0.07400676608085632, -0.0723821148276329, -0.07075746357440948, -0.06913281232118607, -0.06750816106796265, -0.06588350981473923, -0.06425885856151581, -0.06263420730829239, -0.06100955978035927, -0.05938491225242615, -0.05776026099920273, -0.05613560974597931, -0.05451095849275589, -0.05288630723953247, -0.05126165971159935, -0.04963700845837593, -0.04801235720515251, -0.04638770967721939, -0.04476305842399597, -0.04313840717077255, -0.04151375964283943, -0.03988910838961601, -0.03826446086168289, -0.03663980960845947, -0.03501515835523605, -0.033390507102012634, -0.031765859574079514, -0.030141208320856094, -0.028516557067632675, -0.026891907677054405, -0.025267256423830986, -0.023642607033252716, -0.022017955780029297, -0.020393306389451027, -0.018768656998872757, -0.017144005745649338, -0.015519354492425919, -0.013894704170525074, -0.01227005384862423, -0.01064540445804596, -0.00902075320482254, -0.00739610381424427, -0.005771453492343426, -0.004146803170442581, -0.0025221537798643112, -0.0008975035743787885, 0.0007271466311067343, 0.002351796720176935, 0.00397644704207778, 0.005601096898317337, 0.007225747220218182, 0.008850397542119026, 0.01047504786401987, 0.012099698185920715, 0.01372434850782156, 0.015348998829722404, 0.016973648220300674, 0.018598299473524094, 0.020222948864102364, 0.021847598254680634, 0.023472249507904053]}, "gradients/net.0.weight": {"_type": "histogram", "values": [1.0, 0.0, 0.0, 0.0, 0.0, 0.0, 0.0, 0.0, 0.0, 0.0, 0.0, 0.0, 0.0, 0.0, 0.0, 0.0, 0.0, 0.0, 1.0, 0.0, 0.0, 0.0, 0.0, 0.0, 0.0, 0.0, 0.0, 0.0, 0.0, 0.0, 1.0, 0.0, 1.0, 0.0, 1.0, 0.0, 2.0, 0.0, 3.0, 83.0, 144.0, 14.0, 2.0, 0.0, 0.0, 0.0, 0.0, 0.0, 0.0, 0.0, 0.0, 0.0, 0.0, 0.0, 0.0, 1.0, 0.0, 0.0, 0.0, 0.0, 0.0, 0.0, 0.0, 2.0], "bins": [-0.11560603231191635, -0.1127234622836113, -0.10984089225530624, -0.10695832222700119, -0.10407575219869614, -0.10119318217039108, -0.09831061214208603, -0.09542804211378098, -0.09254547208547592, -0.08966290205717087, -0.08678033202886581, -0.08389776200056076, -0.0810151919722557, -0.07813262194395065, -0.0752500519156456, -0.07236748188734055, -0.06948491185903549, -0.06660234183073044, -0.06371977180242538, -0.06083720177412033, -0.05795463174581528, -0.05507206171751022, -0.05218949168920517, -0.049306921660900116, -0.04642435163259506, -0.04354178160429001, -0.040659211575984955, -0.0377766415476799, -0.03489407151937485, -0.032011501491069794, -0.02912893146276474, -0.026246361434459686, -0.02336379885673523, -0.020481228828430176, -0.017598658800125122, -0.014716088771820068, -0.011833518743515015, -0.008950948715209961, -0.006068378686904907, -0.0031858086585998535, -0.0003032386302947998, 0.002579331398010254, 0.005461901426315308, 0.008344471454620361, 0.011227041482925415, 0.014109611511230469, 0.016992181539535522, 0.019874751567840576, 0.02275732159614563, 0.025639891624450684, 0.028522461652755737, 0.03140503168106079, 0.034287601709365845, 0.0371701717376709, 0.04005274176597595, 0.042935311794281006, 0.04581788182258606, 0.04870045185089111, 0.05158302187919617, 0.05446559190750122, 0.057348161935806274, 0.06023073196411133, 0.06311330199241638, 0.06599587202072144, 0.06887844204902649]}, "loss": 0.01797361485660076, "episode_reward": 9.0, "average_reward": 62.82, "epsilon_greedy": 0.05, "_runtime": 44, "_timestamp": 1642183293, "_step": 4, "_wandb": {"runtime": 42}}