{"gradients/net.2.bias": {"_type": "histogram", "values": [1.0, 0.0, 0.0, 0.0, 0.0, 0.0, 0.0, 0.0, 0.0, 0.0, 0.0, 0.0, 0.0, 0.0, 0.0, 0.0, 0.0, 0.0, 0.0, 0.0, 0.0, 0.0, 0.0, 0.0, 0.0, 0.0, 0.0, 0.0, 0.0, 0.0, 0.0, 0.0, 0.0, 0.0, 0.0, 0.0, 0.0, 0.0, 0.0, 0.0, 0.0, 0.0, 0.0, 0.0, 0.0, 0.0, 0.0, 0.0, 0.0, 0.0, 0.0, 0.0, 0.0, 0.0, 0.0, 0.0, 0.0, 0.0, 0.0, 0.0, 0.0, 0.0, 0.0, 1.0], "bins": [0.04983595013618469, 0.05226745456457138, 0.05469895899295807, 0.05713046342134476, 0.059561967849731445, 0.061993472278118134, 0.06442497670650482, 0.06685648113489151, 0.0692879855632782, 0.07171948999166489, 0.07415099442005157, 0.07658249884843826, 0.07901400327682495, 0.08144550770521164, 0.08387701213359833, 0.08630851656198502, 0.0887400209903717, 0.09117152541875839, 0.09360302984714508, 0.09603453427553177, 0.09846603870391846, 0.10089754313230515, 0.10332904756069183, 0.10576055198907852, 0.10819205641746521, 0.1106235608458519, 0.11305506527423859, 0.11548656970262527, 0.11791807413101196, 0.12034957855939865, 0.12278108298778534, 0.12521257996559143, 0.12764409184455872, 0.130075603723526, 0.1325071007013321, 0.13493859767913818, 0.13737010955810547, 0.13980162143707275, 0.14223311841487885, 0.14466461539268494, 0.14709612727165222, 0.1495276391506195, 0.1519591361284256, 0.1543906331062317, 0.15682214498519897, 0.15925365686416626, 0.16168515384197235, 0.16411665081977844, 0.16654816269874573, 0.168979674577713, 0.1714111715555191, 0.1738426685333252, 0.17627418041229248, 0.17870569229125977, 0.18113718926906586, 0.18356868624687195, 0.18600019812583923, 0.18843171000480652, 0.1908632069826126, 0.1932947039604187, 0.195726215839386, 0.19815772771835327, 0.20058922469615936, 0.20302072167396545, 0.20545223355293274]}, "gradients/net.2.weight": {"_type": "histogram", "values": [1.0, 0.0, 0.0, 0.0, 0.0, 0.0, 0.0, 0.0, 0.0, 0.0, 1.0, 0.0, 0.0, 0.0, 0.0, 1.0, 0.0, 0.0, 1.0, 3.0, 2.0, 0.0, 0.0, 3.0, 3.0, 2.0, 2.0, 6.0, 26.0, 44.0, 5.0, 6.0, 3.0, 4.0, 1.0, 2.0, 1.0, 2.0, 1.0, 1.0, 4.0, 0.0, 1.0, 0.0, 0.0, 0.0, 0.0, 0.0, 0.0, 0.0, 0.0, 0.0, 0.0, 0.0, 0.0, 0.0, 0.0, 0.0, 0.0, 0.0, 0.0, 0.0, 1.0, 1.0], "bins": [-0.13538849353790283, -0.1307397484779358, -0.12609100341796875, -0.12144225090742111, -0.11679349839687347, -0.11214475333690643, -0.10749600827693939, -0.10284726321697235, -0.09819851070642471, -0.09354976564645767, -0.08890101313591003, -0.084252268075943, -0.07960352301597595, -0.07495477050542831, -0.07030602544546127, -0.06565727293491364, -0.061008527874946594, -0.056359779089689255, -0.051711030304431915, -0.047062285244464874, -0.042413536459207535, -0.037764787673950195, -0.033116042613983154, -0.028467293828725815, -0.023818545043468475, -0.019169796258211136, -0.014521049335598946, -0.00987230148166418, -0.005223553627729416, -0.0005748048424720764, 0.004073942080140114, 0.008722689002752304, 0.013371452689170837, 0.018020201474428177, 0.022668948397040367, 0.027317695319652557, 0.0319664441049099, 0.036615192890167236, 0.04126393795013428, 0.04591268673539162, 0.050561435520648956, 0.055210184305906296, 0.059858933091163635, 0.06450767815113068, 0.06915642321109772, 0.07380517572164536, 0.0784539207816124, 0.08310267329216003, 0.08775141835212708, 0.09240016341209412, 0.09704891592264175, 0.1016976609826088, 0.10634641349315643, 0.11099515855312347, 0.11564390361309052, 0.12029264867305756, 0.1249414011836052, 0.12959015369415283, 0.13423889875411987, 0.13888764381408691, 0.14353638887405396, 0.148185133934021, 0.15283389389514923, 0.15748263895511627, 0.1621313840150833]}, "gradients/net.0.bias": {"_type": "histogram", "values": [1.0, 0.0, 0.0, 0.0, 1.0, 0.0, 0.0, 0.0, 1.0, 3.0, 0.0, 4.0, 14.0, 16.0, 13.0, 3.0, 1.0, 3.0, 0.0, 2.0, 0.0, 0.0, 0.0, 0.0, 0.0, 0.0, 0.0, 0.0, 0.0, 0.0, 0.0, 0.0, 0.0, 0.0, 0.0, 0.0, 0.0, 0.0, 0.0, 0.0, 0.0, 1.0, 0.0, 0.0, 0.0, 0.0, 0.0, 0.0, 0.0, 0.0, 0.0, 0.0, 0.0, 0.0, 0.0, 0.0, 0.0, 0.0, 0.0, 0.0, 0.0, 0.0, 0.0, 1.0], "bins": [-0.027841191738843918, -0.025808049365878105, -0.023774906992912292, -0.02174176648259163, -0.019708624109625816, -0.017675481736660004, -0.01564234122633934, -0.013609198853373528, -0.011576056480407715, -0.009542914107441902, -0.007509772665798664, -0.005476630758494139, -0.0034434888511896133, -0.0014103464782238007, 0.0006227949634194374, 0.0026559364050626755, 0.004689078778028488, 0.0067222206853330135, 0.008755362592637539, 0.010788504034280777, 0.01282164640724659, 0.014854788780212402, 0.016887929290533066, 0.01892107166349888, 0.02095421403646469, 0.022987356409430504, 0.025020498782396317, 0.02705363929271698, 0.029086781665682793, 0.031119924038648605, 0.03315306454896927, 0.03518620878458023, 0.037219345569610596, 0.03925248607993126, 0.04128563031554222, 0.043318770825862885, 0.045351915061473846, 0.04738505557179451, 0.04941819608211517, 0.051451340317726135, 0.0534844808280468, 0.05551762133836746, 0.057550765573978424, 0.05958390608429909, 0.06161704659461975, 0.06365019083023071, 0.06568333506584167, 0.06771647185087204, 0.069749616086483, 0.07178276032209396, 0.07381589710712433, 0.07584904134273529, 0.07788218557834625, 0.07991532981395721, 0.08194846659898758, 0.08398161083459854, 0.0860147476196289, 0.08804789185523987, 0.09008102864027023, 0.0921141728758812, 0.09414731711149216, 0.09618045389652252, 0.09821359813213348, 0.10024674236774445, 0.10227988660335541]}, "gradients/net.0.weight": {"_type": "histogram", "values": [1.0, 0.0, 0.0, 0.0, 0.0, 0.0, 0.0, 0.0, 0.0, 0.0, 0.0, 0.0, 0.0, 0.0, 0.0, 0.0, 0.0, 0.0, 0.0, 0.0, 0.0, 0.0, 0.0, 0.0, 0.0, 0.0, 0.0, 1.0, 0.0, 0.0, 1.0, 0.0, 0.0, 0.0, 0.0, 0.0, 0.0, 0.0, 0.0, 0.0, 0.0, 0.0, 1.0, 0.0, 0.0, 0.0, 0.0, 0.0, 0.0, 1.0, 0.0, 2.0, 1.0, 4.0, 6.0, 16.0, 160.0, 39.0, 11.0, 6.0, 2.0, 2.0, 1.0, 1.0], "bins": [-0.31371432542800903, -0.3081773519515991, -0.3026403784751892, -0.2971034049987793, -0.2915664315223694, -0.2860294580459595, -0.28049248456954956, -0.27495554089546204, -0.2694185674190521, -0.2638815939426422, -0.2583446204662323, -0.2528076469898224, -0.24727068841457367, -0.24173371493816376, -0.23619674146175385, -0.23065976798534393, -0.22512279450893402, -0.2195858210325241, -0.2140488475561142, -0.20851188898086548, -0.20297491550445557, -0.19743794202804565, -0.19190096855163574, -0.18636399507522583, -0.18082702159881592, -0.175290048122406, -0.1697530746459961, -0.16421610116958618, -0.15867914259433746, -0.15314216911792755, -0.14760519564151764, -0.14206822216510773, -0.1365312784910202, -0.1309943050146103, -0.12545733153820038, -0.11992036551237106, -0.11438339948654175, -0.10884642601013184, -0.10330945253372192, -0.09777247905731201, -0.0922355204820633, -0.08669854700565338, -0.08116158097982407, -0.07562460750341415, -0.07008764147758484, -0.06455066800117493, -0.059013694524765015, -0.0534767247736454, -0.04793974757194519, -0.04240277782082558, -0.03686580806970596, -0.03132883459329605, -0.025791864842176437, -0.020254895091056824, -0.014717921614646912, -0.009180951863527298, -0.0036439821124076843, 0.001892988570034504, 0.007429959252476692, 0.012966930866241455, 0.01850390061736107, 0.024040870368480682, 0.029577843844890594, 0.03511481359601021, 0.04065178334712982]}, "loss": 0.16358314454555511, "episode_reward": 123.0, "average_reward": 52.29, "epsilon_greedy": 0.23980999999990754, "_runtime": 25, "_timestamp": 1642182771, "_step": 4, "_wandb": {"runtime": 23}}