{"gradients/net.2.bias": {"_type": "histogram", "values": [1.0, 0.0, 0.0, 0.0, 0.0, 0.0, 0.0, 0.0, 0.0, 0.0, 0.0, 0.0, 0.0, 0.0, 0.0, 0.0, 0.0, 0.0, 0.0, 0.0, 0.0, 0.0, 0.0, 0.0, 0.0, 0.0, 0.0, 0.0, 0.0, 0.0, 0.0, 0.0, 0.0, 0.0, 0.0, 0.0, 0.0, 0.0, 0.0, 0.0, 0.0, 0.0, 0.0, 0.0, 0.0, 0.0, 0.0, 0.0, 0.0, 0.0, 0.0, 0.0, 0.0, 0.0, 0.0, 0.0, 0.0, 0.0, 0.0, 0.0, 0.0, 0.0, 0.0, 1.0], "bins": [-0.3039976954460144, -0.301501601934433, -0.29900550842285156, -0.29650941491127014, -0.2940133213996887, -0.2915172278881073, -0.2890211343765259, -0.28652504086494446, -0.28402894735336304, -0.2815328538417816, -0.2790367603302002, -0.2765406668186188, -0.27404457330703735, -0.27154847979545593, -0.2690523862838745, -0.2665562927722931, -0.26406022906303406, -0.26156413555145264, -0.2590680420398712, -0.2565719485282898, -0.2540758550167084, -0.25157976150512695, -0.24908368289470673, -0.2465875893831253, -0.2440914809703827, -0.24159538745880127, -0.23909929394721985, -0.23660320043563843, -0.234107106924057, -0.23161101341247559, -0.22911493480205536, -0.22661884129047394, -0.22412274777889252, -0.2216266542673111, -0.21913056075572968, -0.21663446724414825, -0.21413837373256683, -0.2116422951221466, -0.20914620161056519, -0.20665010809898376, -0.20415401458740234, -0.20165792107582092, -0.1991618275642395, -0.19666573405265808, -0.19416964054107666, -0.19167354702949524, -0.189177468419075, -0.1866813749074936, -0.18418526649475098, -0.18168917298316956, -0.17919307947158813, -0.1766969859600067, -0.1742008924484253, -0.17170479893684387, -0.16920872032642365, -0.16671262681484222, -0.1642165333032608, -0.16172043979167938, -0.15922434628009796, -0.15672825276851654, -0.15423215925693512, -0.1517360806465149, -0.14923998713493347, -0.14674389362335205, -0.14424780011177063]}, "gradients/net.2.weight": {"_type": "histogram", "values": [1.0, 0.0, 1.0, 0.0, 0.0, 0.0, 1.0, 0.0, 0.0, 0.0, 0.0, 0.0, 0.0, 0.0, 0.0, 0.0, 1.0, 1.0, 0.0, 0.0, 0.0, 1.0, 1.0, 0.0, 0.0, 2.0, 2.0, 1.0, 4.0, 9.0, 4.0, 12.0, 23.0, 13.0, 16.0, 8.0, 9.0, 7.0, 2.0, 1.0, 1.0, 2.0, 0.0, 1.0, 0.0, 0.0, 1.0, 0.0, 0.0, 1.0, 0.0, 0.0, 0.0, 0.0, 0.0, 0.0, 0.0, 0.0, 0.0, 0.0, 0.0, 0.0, 1.0, 1.0], "bins": [-0.3030134439468384, -0.2936336100101471, -0.2842537760734558, -0.2748739719390869, -0.26549413800239563, -0.25611430406570435, -0.24673447012901306, -0.23735463619232178, -0.2279748171567917, -0.2185949832201004, -0.2092151641845703, -0.19983533024787903, -0.19045549631118774, -0.18107567727565765, -0.17169584333896637, -0.16231602430343628, -0.152936190366745, -0.1435563564300537, -0.13417653739452362, -0.12479670345783234, -0.11541687697172165, -0.10603705048561096, -0.09665721654891968, -0.08727739006280899, -0.0778975635766983, -0.06851773709058762, -0.05913790687918663, -0.049758076667785645, -0.04037825018167496, -0.03099842369556427, -0.021618593484163284, -0.012238763272762299, -0.0028589367866516113, 0.006520891562104225, 0.01590071991086006, 0.025280548259615898, 0.034660376608371735, 0.04404020309448242, 0.05342003330588341, 0.0627998635172844, 0.07217969000339508, 0.08155951648950577, 0.09093934297561646, 0.10031917691230774, 0.10969900339841843, 0.11907882988452911, 0.1284586638212204, 0.1378384828567505, 0.14721831679344177, 0.15659815073013306, 0.16597796976566315, 0.17535780370235443, 0.18473762273788452, 0.1941174566745758, 0.2034972906112671, 0.21287712454795837, 0.22225694358348846, 0.23163677752017975, 0.24101659655570984, 0.2503964304924011, 0.2597762644290924, 0.2691560983657837, 0.2785359025001526, 0.28791573643684387, 0.29729557037353516]}, "gradients/net.0.bias": {"_type": "histogram", "values": [1.0, 0.0, 1.0, 0.0, 0.0, 0.0, 0.0, 0.0, 0.0, 0.0, 1.0, 0.0, 0.0, 0.0, 0.0, 0.0, 0.0, 0.0, 0.0, 0.0, 0.0, 1.0, 0.0, 0.0, 0.0, 0.0, 0.0, 1.0, 2.0, 0.0, 1.0, 2.0, 1.0, 4.0, 14.0, 8.0, 9.0, 2.0, 7.0, 1.0, 1.0, 2.0, 1.0, 0.0, 0.0, 1.0, 0.0, 1.0, 0.0, 0.0, 0.0, 1.0, 0.0, 0.0, 0.0, 0.0, 0.0, 0.0, 0.0, 0.0, 0.0, 0.0, 0.0, 1.0], "bins": [-0.09316350519657135, -0.09051778167486191, -0.08787206560373306, -0.08522634208202362, -0.08258062601089478, -0.07993490248918533, -0.07728917896747589, -0.07464346289634705, -0.0719977468252182, -0.06935202330350876, -0.06670630723237991, -0.06406058371067047, -0.061414867639541626, -0.058769144117832184, -0.05612342432141304, -0.053477704524993896, -0.050831981003284454, -0.04818626120686531, -0.04554054141044617, -0.042894817888736725, -0.04024910181760788, -0.03760337829589844, -0.034957658499479294, -0.03231193870306015, -0.029666215181350708, -0.027020495384931564, -0.02437477558851242, -0.021729053929448128, -0.019083334133028984, -0.01643761433660984, -0.013791892677545547, -0.011146172881126404, -0.008500456809997559, -0.005854736547917128, -0.0032090162858366966, -0.0005632955580949783, 0.0020824242383241653, 0.004728144034743309, 0.007373865693807602, 0.010019585490226746, 0.01266530156135559, 0.015311021357774734, 0.017956741154193878, 0.02060246281325817, 0.023248182609677315, 0.02589390240609646, 0.02853962406516075, 0.031185343861579895, 0.03383106738328934, 0.03647678717970848, 0.039122506976127625, 0.04176823049783707, 0.04441394656896591, 0.047059670090675354, 0.0497053898870945, 0.05235110968351364, 0.054996829479932785, 0.05764254927635193, 0.06028826907277107, 0.06293398886919022, 0.06557971239089966, 0.0682254284620285, 0.07087115198373795, 0.07351687550544739, 0.07616259157657623]}, "gradients/net.0.weight": {"_type": "histogram", "values": [1.0, 0.0, 0.0, 0.0, 0.0, 0.0, 0.0, 0.0, 0.0, 0.0, 0.0, 0.0, 0.0, 1.0, 0.0, 1.0, 0.0, 3.0, 0.0, 3.0, 4.0, 5.0, 15.0, 23.0, 154.0, 22.0, 7.0, 4.0, 4.0, 1.0, 0.0, 1.0, 1.0, 1.0, 0.0, 0.0, 0.0, 0.0, 0.0, 0.0, 1.0, 0.0, 0.0, 0.0, 0.0, 0.0, 0.0, 0.0, 0.0, 1.0, 0.0, 0.0, 0.0, 0.0, 1.0, 1.0, 0.0, 0.0, 0.0, 0.0, 0.0, 0.0, 0.0, 1.0], "bins": [-0.11619959026575089, -0.11144386231899261, -0.10668813437223434, -0.10193240642547607, -0.0971766859292984, -0.09242095798254013, -0.08766523003578186, -0.08290950953960419, -0.07815377414226532, -0.07339804619550705, -0.06864231824874878, -0.0638865977525711, -0.059130869805812836, -0.054375141859054565, -0.049619413912296295, -0.04486368969082832, -0.04010796546936035, -0.03535223752260208, -0.03059651330113411, -0.02584078535437584, -0.021085059270262718, -0.016329333186149597, -0.011573605239391327, -0.006817881017923355, -0.0020621493458747864, 0.002693577203899622, 0.00744930375367403, 0.012205030769109726, 0.016960756853222847, 0.021716482937335968, 0.02647221088409424, 0.03122793510556221, 0.03598366677761078, 0.04073939472436905, 0.04549511894583702, 0.05025084689259529, 0.05500657111406326, 0.05976229906082153, 0.0645180270075798, 0.06927375495433807, 0.07402947545051575, 0.07878520339727402, 0.08354093134403229, 0.08829665184020996, 0.09305237978696823, 0.0978081077337265, 0.10256383568048477, 0.10731956362724304, 0.11207529157400131, 0.11683101952075958, 0.12158674746751785, 0.12634247541427612, 0.1310981959104538, 0.13585391640663147, 0.14060965180397034, 0.145365372300148, 0.15012110769748688, 0.15487682819366455, 0.15963256359100342, 0.1643882840871811, 0.16914401948451996, 0.17389973998069763, 0.1786554753780365, 0.18341119587421417, 0.18816691637039185]}, "loss": 0.025151720270514488, "episode_reward": 111.0, "average_reward": 33.88, "epsilon_greedy": 0.05, "_runtime": 40, "_timestamp": 1642182982, "_step": 4, "_wandb": {"runtime": 39}}